ISO-10303-21;
HEADER;
/* Generated by software containing ST-Developer
 * from STEP Tools, Inc. (www.steptools.com) 
 */
/* OPTION: strings as raw bytes, not using required /X/ escapes */

FILE_DESCRIPTION(
/* description */ ('Unknown'),
/* implementation_level */ '2;1');

FILE_NAME(
/* name */ 'AMRM00101040100MA1',
/* time_stamp */ '2025-10-02T10:13:01+02:00',
/* author */ ('Unknown'),
/* organization */ ('Unknown'),
/* preprocessor_version */ 'ST-DEVELOPER v20',
/* originating_system */ 'Solid Edge',
/* authorisation */ 'Unknown');

FILE_SCHEMA (('AUTOMOTIVE_DESIGN {1 0 10303 214 3 1 1}'));
ENDSEC;

DATA;
#10=PROPERTY_DEFINITION_REPRESENTATION(#14,#12);
#11=PROPERTY_DEFINITION_REPRESENTATION(#15,#13);
#12=REPRESENTATION('',(#16),#2707);
#13=REPRESENTATION('',(#17),#2707);
#14=PROPERTY_DEFINITION('pmi validation property','',#2712);
#15=PROPERTY_DEFINITION('pmi validation property','',#2712);
#16=VALUE_REPRESENTATION_ITEM('number of annotations',COUNT_MEASURE(0.));
#17=VALUE_REPRESENTATION_ITEM('number of views',COUNT_MEASURE(0.));
#18=SHAPE_REPRESENTATION_RELATIONSHIP('','',#1609,#19);
#19=ADVANCED_BREP_SHAPE_REPRESENTATION('',(#1607),#2707);
#20=B_SPLINE_SURFACE_WITH_KNOTS('',3,1,((#2405,#2406),(#2407,#2408),(#2409,
#2410),(#2411,#2412),(#2413,#2414),(#2415,#2416),(#2417,#2418),(#2419,#2420),
(#2421,#2422),(#2423,#2424),(#2425,#2426),(#2427,#2428),(#2429,#2430),(#2431,
#2432),(#2433,#2434),(#2435,#2436),(#2437,#2438),(#2439,#2440),(#2441,#2442),
(#2443,#2444),(#2445,#2446),(#2447,#2448),(#2449,#2450)),
 .SURF_OF_LINEAR_EXTRUSION.,.T.,.F.,.F.,(1,1,1,1,1,1,1,1,1,1,1,1,1,1,1,
1,1,1,1,1,1,1,1,1,1,1,1),(2,2),(-0.0799579232522274,-0.0399789616261137,
-0.0199894808130568,0.,0.030167727360265,0.0603354547205301,0.0905031820807951,
0.12067090944106,0.1506291225087,0.18058733557634,0.24050376171162,0.3004201878469,
0.36033661398218,0.400315575608294,0.440294537234408,0.480273498860522,
0.520252460486635,0.68016830699109,0.760126230243318,0.840084153495545,
0.920042076747773,0.960021038373886,0.980010519186943,1.,1.03016772736026,
1.06033545472053,1.0905031820808),(0.,1.),.UNSPECIFIED.);
#21=B_SPLINE_SURFACE_WITH_KNOTS('',3,1,((#2451,#2452),(#2453,#2454),(#2455,
#2456),(#2457,#2458),(#2459,#2460),(#2461,#2462),(#2463,#2464),(#2465,#2466),
(#2467,#2468),(#2469,#2470),(#2471,#2472),(#2473,#2474),(#2475,#2476),(#2477,
#2478),(#2479,#2480),(#2481,#2482),(#2483,#2484),(#2485,#2486),(#2487,#2488),
(#2489,#2490),(#2491,#2492),(#2493,#2494),(#2495,#2496),(#2497,#2498),(#2499,
#2500),(#2501,#2502),(#2503,#2504),(#2505,#2506),(#2507,#2508),(#2509,#2510)),
 .SURF_OF_LINEAR_EXTRUSION.,.T.,.F.,.F.,(1,1,1,1,1,1,1,1,1,1,1,1,1,1,1,
1,1,1,1,1,1,1,1,1,1,1,1,1,1,1,1,1,1,1),(2,2),(-0.123188770791901,-0.105590374964486,
-0.0703935833096576,0.,0.0602876209153478,0.0904314313730217,0.120575241830696,
0.150455297935724,0.180335354040751,0.240095466250807,0.299855578460863,
0.329735634565891,0.359615690670919,0.375478883999799,0.39134207732868,
0.423068463986441,0.486521237301963,0.549974010617484,0.581700397275245,
0.613426783933006,0.628788412023486,0.644150040113966,0.674873296294926,
0.736319808656846,0.797766321018765,0.828489577199725,0.859212833380685,
0.876811229208099,0.894409625035514,0.929606416690342,1.,1.06028762091535,
1.09043143137302,1.1205752418307),(0.,1.),.UNSPECIFIED.);
#22=B_SPLINE_SURFACE_WITH_KNOTS('',3,1,((#2576,#2577),(#2578,#2579),(#2580,
#2581),(#2582,#2583),(#2584,#2585),(#2586,#2587),(#2588,#2589),(#2590,#2591),
(#2592,#2593),(#2594,#2595),(#2596,#2597),(#2598,#2599),(#2600,#2601),(#2602,
#2603),(#2604,#2605),(#2606,#2607),(#2608,#2609),(#2610,#2611),(#2612,#2613),
(#2614,#2615),(#2616,#2617),(#2618,#2619),(#2620,#2621)),
 .SURF_OF_LINEAR_EXTRUSION.,.T.,.F.,.F.,(1,1,1,1,1,1,1,1,1,1,1,1,1,1,1,
1,1,1,1,1,1,1,1,1,1,1,1),(2,2),(-0.0799579232522274,-0.0399789616261137,
-0.0199894808130568,0.,0.030167727360265,0.0603354547205301,0.0905031820807951,
0.12067090944106,0.1506291225087,0.18058733557634,0.24050376171162,0.3004201878469,
0.36033661398218,0.400315575608294,0.440294537234408,0.480273498860522,
0.520252460486635,0.68016830699109,0.760126230243318,0.840084153495545,
0.920042076747773,0.960021038373886,0.980010519186943,1.,1.03016772736026,
1.06033545472053,1.0905031820808),(0.,1.),.UNSPECIFIED.);
#23=B_SPLINE_SURFACE_WITH_KNOTS('',3,1,((#2622,#2623),(#2624,#2625),(#2626,
#2627),(#2628,#2629),(#2630,#2631),(#2632,#2633),(#2634,#2635),(#2636,#2637),
(#2638,#2639),(#2640,#2641),(#2642,#2643),(#2644,#2645),(#2646,#2647),(#2648,
#2649),(#2650,#2651),(#2652,#2653),(#2654,#2655),(#2656,#2657),(#2658,#2659),
(#2660,#2661),(#2662,#2663),(#2664,#2665),(#2666,#2667),(#2668,#2669),(#2670,
#2671),(#2672,#2673),(#2674,#2675),(#2676,#2677),(#2678,#2679),(#2680,#2681)),
 .SURF_OF_LINEAR_EXTRUSION.,.T.,.F.,.F.,(1,1,1,1,1,1,1,1,1,1,1,1,1,1,1,
1,1,1,1,1,1,1,1,1,1,1,1,1,1,1,1,1,1,1),(2,2),(-0.123188770791901,-0.105590374964486,
-0.0703935833096576,0.,0.0602876209153478,0.0904314313730217,0.120575241830696,
0.150455297935723,0.180335354040751,0.240095466250807,0.299855578460863,
0.329735634565891,0.359615690670918,0.375478883999799,0.391342077328679,
0.42306846398644,0.486521237301962,0.549974010617484,0.581700397275245,
0.613426783933006,0.628788412023486,0.644150040113966,0.674873296294926,
0.736319808656845,0.797766321018765,0.828489577199725,0.859212833380685,
0.876811229208099,0.894409625035514,0.929606416690342,1.,1.06028762091535,
1.09043143137302,1.1205752418307),(0.,1.),.UNSPECIFIED.);
#24=DRAUGHTING_PRE_DEFINED_COLOUR('white');
#25=TOROIDAL_SURFACE('',#1667,0.2,0.1);
#26=TOROIDAL_SURFACE('',#1671,0.2,0.1);
#27=TOROIDAL_SURFACE('',#1674,0.2,0.1);
#28=TOROIDAL_SURFACE('',#1681,0.2,0.1);
#29=TOROIDAL_SURFACE('',#1683,0.2,0.1);
#30=TOROIDAL_SURFACE('',#1689,0.2,0.1);
#31=TOROIDAL_SURFACE('',#1692,0.2,0.1);
#32=TOROIDAL_SURFACE('',#1696,0.2,0.1);
#33=CYLINDRICAL_SURFACE('',#1653,0.3);
#34=CYLINDRICAL_SURFACE('',#1656,0.3);
#35=CYLINDRICAL_SURFACE('',#1659,0.3);
#36=CYLINDRICAL_SURFACE('',#1662,0.3);
#37=CYLINDRICAL_SURFACE('',#1665,0.1);
#38=CYLINDRICAL_SURFACE('',#1669,0.1);
#39=CYLINDRICAL_SURFACE('',#1673,0.1);
#40=CYLINDRICAL_SURFACE('',#1677,0.1);
#41=CYLINDRICAL_SURFACE('',#1679,0.1);
#42=CYLINDRICAL_SURFACE('',#1685,0.1);
#43=CYLINDRICAL_SURFACE('',#1687,0.1);
#44=CYLINDRICAL_SURFACE('',#1690,0.1);
#45=CYLINDRICAL_SURFACE('',#1694,0.1);
#46=CYLINDRICAL_SURFACE('',#1698,0.1);
#47=CYLINDRICAL_SURFACE('',#1699,0.3);
#48=CYLINDRICAL_SURFACE('',#1700,0.3);
#49=CIRCLE('',#1612,0.2);
#50=CIRCLE('',#1613,0.2);
#51=CIRCLE('',#1614,0.2);
#52=CIRCLE('',#1615,0.2);
#53=CIRCLE('',#1619,0.2);
#54=CIRCLE('',#1620,0.2);
#55=CIRCLE('',#1621,0.2);
#56=CIRCLE('',#1622,0.2);
#57=CIRCLE('',#1628,0.3);
#58=CIRCLE('',#1630,0.3);
#59=CIRCLE('',#1637,0.3);
#60=CIRCLE('',#1640,0.3);
#61=CIRCLE('',#1642,0.1);
#62=CIRCLE('',#1645,0.1);
#63=CIRCLE('',#1648,0.1);
#64=CIRCLE('',#1651,0.1);
#65=CIRCLE('',#1654,0.3);
#66=CIRCLE('',#1655,0.3);
#67=CIRCLE('',#1657,0.3);
#68=CIRCLE('',#1658,0.3);
#69=CIRCLE('',#1660,0.3);
#70=CIRCLE('',#1661,0.3);
#71=CIRCLE('',#1663,0.3);
#72=CIRCLE('',#1664,0.3);
#73=CIRCLE('',#1666,0.1);
#74=CIRCLE('',#1668,0.1);
#75=CIRCLE('',#1670,0.1);
#76=CIRCLE('',#1672,0.1);
#77=CIRCLE('',#1675,0.1);
#78=CIRCLE('',#1676,0.1);
#79=CIRCLE('',#1678,0.1);
#80=CIRCLE('',#1680,0.1);
#81=CIRCLE('',#1682,0.1);
#82=CIRCLE('',#1684,0.1);
#83=CIRCLE('',#1686,0.1);
#84=CIRCLE('',#1688,0.1);
#85=CIRCLE('',#1691,0.1);
#86=CIRCLE('',#1693,0.1);
#87=CIRCLE('',#1695,0.1);
#88=CIRCLE('',#1697,0.1);
#89=LINE('',#2047,#198);
#90=LINE('',#2052,#199);
#91=LINE('',#2056,#200);
#92=LINE('',#2060,#201);
#93=LINE('',#2063,#202);
#94=LINE('',#2066,#203);
#95=LINE('',#2068,#204);
#96=LINE('',#2070,#205);
#97=LINE('',#2072,#206);
#98=LINE('',#2074,#207);
#99=LINE('',#2076,#208);
#100=LINE('',#2095,#209);
#101=LINE('',#2098,#210);
#102=LINE('',#2100,#211);
#103=LINE('',#2102,#212);
#104=LINE('',#2104,#213);
#105=LINE('',#2106,#214);
#106=LINE('',#2108,#215);
#107=LINE('',#2110,#216);
#108=LINE('',#2112,#217);
#109=LINE('',#2114,#218);
#110=LINE('',#2116,#219);
#111=LINE('',#2118,#220);
#112=LINE('',#2120,#221);
#113=LINE('',#2123,#222);
#114=LINE('',#2125,#223);
#115=LINE('',#2127,#224);
#116=LINE('',#2129,#225);
#117=LINE('',#2131,#226);
#118=LINE('',#2133,#227);
#119=LINE('',#2135,#228);
#120=LINE('',#2137,#229);
#121=LINE('',#2139,#230);
#122=LINE('',#2141,#231);
#123=LINE('',#2143,#232);
#124=LINE('',#2145,#233);
#125=LINE('',#2148,#234);
#126=LINE('',#2152,#235);
#127=LINE('',#2156,#236);
#128=LINE('',#2158,#237);
#129=LINE('',#2160,#238);
#130=LINE('',#2162,#239);
#131=LINE('',#2164,#240);
#132=LINE('',#2168,#241);
#133=LINE('',#2172,#242);
#134=LINE('',#2174,#243);
#135=LINE('',#2176,#244);
#136=LINE('',#2178,#245);
#137=LINE('',#2181,#246);
#138=LINE('',#2183,#247);
#139=LINE('',#2185,#248);
#140=LINE('',#2187,#249);
#141=LINE('',#2190,#250);
#142=LINE('',#2192,#251);
#143=LINE('',#2194,#252);
#144=LINE('',#2196,#253);
#145=LINE('',#2199,#254);
#146=LINE('',#2201,#255);
#147=LINE('',#2203,#256);
#148=LINE('',#2205,#257);
#149=LINE('',#2207,#258);
#150=LINE('',#2209,#259);
#151=LINE('',#2213,#260);
#152=LINE('',#2215,#261);
#153=LINE('',#2216,#262);
#154=LINE('',#2218,#263);
#155=LINE('',#2222,#264);
#156=LINE('',#2223,#265);
#157=LINE('',#2225,#266);
#158=LINE('',#2226,#267);
#159=LINE('',#2229,#268);
#160=LINE('',#2232,#269);
#161=LINE('',#2234,#270);
#162=LINE('',#2236,#271);
#163=LINE('',#2238,#272);
#164=LINE('',#2240,#273);
#165=LINE('',#2242,#274);
#166=LINE('',#2244,#275);
#167=LINE('',#2246,#276);
#168=LINE('',#2248,#277);
#169=LINE('',#2252,#278);
#170=LINE('',#2253,#279);
#171=LINE('',#2255,#280);
#172=LINE('',#2257,#281);
#173=LINE('',#2260,#282);
#174=LINE('',#2263,#283);
#175=LINE('',#2265,#284);
#176=LINE('',#2267,#285);
#177=LINE('',#2269,#286);
#178=LINE('',#2272,#287);
#179=LINE('',#2276,#288);
#180=LINE('',#2278,#289);
#181=LINE('',#2280,#290);
#182=LINE('',#2282,#291);
#183=LINE('',#2285,#292);
#184=LINE('',#2336,#293);
#185=LINE('',#2339,#294);
#186=LINE('',#2341,#295);
#187=LINE('',#2343,#296);
#188=LINE('',#2345,#297);
#189=LINE('',#2347,#298);
#190=LINE('',#2349,#299);
#191=LINE('',#2351,#300);
#192=LINE('',#2352,#301);
#193=LINE('',#2354,#302);
#194=LINE('',#2356,#303);
#195=LINE('',#2358,#304);
#196=LINE('',#2360,#305);
#197=LINE('',#2362,#306);
#198=VECTOR('',#1717,1000.);
#199=VECTOR('',#1720,1000.);
#200=VECTOR('',#1723,1000.);
#201=VECTOR('',#1726,1000.);
#202=VECTOR('',#1729,1000.);
#203=VECTOR('',#1730,1000.);
#204=VECTOR('',#1731,1000.);
#205=VECTOR('',#1732,1000.);
#206=VECTOR('',#1733,1000.);
#207=VECTOR('',#1734,1000.);
#208=VECTOR('',#1735,1000.);
#209=VECTOR('',#1738,1000.);
#210=VECTOR('',#1739,1000.);
#211=VECTOR('',#1740,1000.);
#212=VECTOR('',#1741,1000.);
#213=VECTOR('',#1742,1000.);
#214=VECTOR('',#1743,1000.);
#215=VECTOR('',#1744,1000.);
#216=VECTOR('',#1745,1000.);
#217=VECTOR('',#1746,1000.);
#218=VECTOR('',#1747,1000.);
#219=VECTOR('',#1748,1000.);
#220=VECTOR('',#1749,1000.);
#221=VECTOR('',#1752,1000.);
#222=VECTOR('',#1753,1000.);
#223=VECTOR('',#1754,1000.);
#224=VECTOR('',#1755,1000.);
#225=VECTOR('',#1756,1000.);
#226=VECTOR('',#1757,1000.);
#227=VECTOR('',#1758,1000.);
#228=VECTOR('',#1759,1000.);
#229=VECTOR('',#1760,1000.);
#230=VECTOR('',#1761,1000.);
#231=VECTOR('',#1762,1000.);
#232=VECTOR('',#1763,1000.);
#233=VECTOR('',#1766,1000.);
#234=VECTOR('',#1767,1000.);
#235=VECTOR('',#1770,1000.);
#236=VECTOR('',#1773,1000.);
#237=VECTOR('',#1774,1000.);
#238=VECTOR('',#1775,1000.);
#239=VECTOR('',#1776,1000.);
#240=VECTOR('',#1777,1000.);
#241=VECTOR('',#1780,1000.);
#242=VECTOR('',#1783,1000.);
#243=VECTOR('',#1784,1000.);
#244=VECTOR('',#1785,1000.);
#245=VECTOR('',#1788,1000.);
#246=VECTOR('',#1789,1000.);
#247=VECTOR('',#1790,1000.);
#248=VECTOR('',#1791,1000.);
#249=VECTOR('',#1794,1000.);
#250=VECTOR('',#1795,1000.);
#251=VECTOR('',#1796,1000.);
#252=VECTOR('',#1797,1000.);
#253=VECTOR('',#1800,1000.);
#254=VECTOR('',#1801,1000.);
#255=VECTOR('',#1802,1000.);
#256=VECTOR('',#1803,1000.);
#257=VECTOR('',#1806,1000.);
#258=VECTOR('',#1807,1000.);
#259=VECTOR('',#1808,1000.);
#260=VECTOR('',#1813,1000.);
#261=VECTOR('',#1814,1000.);
#262=VECTOR('',#1815,1000.);
#263=VECTOR('',#1818,1000.);
#264=VECTOR('',#1821,1000.);
#265=VECTOR('',#1822,1000.);
#266=VECTOR('',#1825,1000.);
#267=VECTOR('',#1826,1000.);
#268=VECTOR('',#1831,1000.);
#269=VECTOR('',#1832,1000.);
#270=VECTOR('',#1833,1000.);
#271=VECTOR('',#1834,1000.);
#272=VECTOR('',#1837,1000.);
#273=VECTOR('',#1838,1000.);
#274=VECTOR('',#1839,1000.);
#275=VECTOR('',#1842,1000.);
#276=VECTOR('',#1843,1000.);
#277=VECTOR('',#1844,1000.);
#278=VECTOR('',#1849,1000.);
#279=VECTOR('',#1850,1000.);
#280=VECTOR('',#1853,1000.);
#281=VECTOR('',#1854,1000.);
#282=VECTOR('',#1859,1000.);
#283=VECTOR('',#1864,1000.);
#284=VECTOR('',#1865,1000.);
#285=VECTOR('',#1868,1000.);
#286=VECTOR('',#1869,1000.);
#287=VECTOR('',#1874,1000.);
#288=VECTOR('',#1881,1000.);
#289=VECTOR('',#1882,1000.);
#290=VECTOR('',#1885,1000.);
#291=VECTOR('',#1886,1000.);
#292=VECTOR('',#1891,1000.);
#293=VECTOR('',#1992,1000.);
#294=VECTOR('',#1993,1000.);
#295=VECTOR('',#1994,1000.);
#296=VECTOR('',#1995,1000.);
#297=VECTOR('',#1996,1000.);
#298=VECTOR('',#1997,1000.);
#299=VECTOR('',#1998,1000.);
#300=VECTOR('',#2001,1000.);
#301=VECTOR('',#2002,1000.);
#302=VECTOR('',#2005,1000.);
#303=VECTOR('',#2008,1000.);
#304=VECTOR('',#2011,1000.);
#305=VECTOR('',#2014,1000.);
#306=VECTOR('',#2017,1000.);
#307=ORIENTED_EDGE('',*,*,#621,.T.);
#308=ORIENTED_EDGE('',*,*,#622,.T.);
#309=ORIENTED_EDGE('',*,*,#623,.T.);
#310=ORIENTED_EDGE('',*,*,#624,.T.);
#311=ORIENTED_EDGE('',*,*,#625,.T.);
#312=ORIENTED_EDGE('',*,*,#626,.T.);
#313=ORIENTED_EDGE('',*,*,#627,.T.);
#314=ORIENTED_EDGE('',*,*,#628,.T.);
#315=ORIENTED_EDGE('',*,*,#629,.T.);
#316=ORIENTED_EDGE('',*,*,#630,.T.);
#317=ORIENTED_EDGE('',*,*,#631,.T.);
#318=ORIENTED_EDGE('',*,*,#632,.T.);
#319=ORIENTED_EDGE('',*,*,#633,.T.);
#320=ORIENTED_EDGE('',*,*,#634,.T.);
#321=ORIENTED_EDGE('',*,*,#635,.T.);
#322=ORIENTED_EDGE('',*,*,#636,.T.);
#323=ORIENTED_EDGE('',*,*,#637,.T.);
#324=ORIENTED_EDGE('',*,*,#638,.F.);
#325=ORIENTED_EDGE('',*,*,#639,.T.);
#326=ORIENTED_EDGE('',*,*,#640,.T.);
#327=ORIENTED_EDGE('',*,*,#641,.T.);
#328=ORIENTED_EDGE('',*,*,#642,.T.);
#329=ORIENTED_EDGE('',*,*,#643,.T.);
#330=ORIENTED_EDGE('',*,*,#644,.T.);
#331=ORIENTED_EDGE('',*,*,#645,.T.);
#332=ORIENTED_EDGE('',*,*,#646,.T.);
#333=ORIENTED_EDGE('',*,*,#647,.T.);
#334=ORIENTED_EDGE('',*,*,#648,.T.);
#335=ORIENTED_EDGE('',*,*,#649,.T.);
#336=ORIENTED_EDGE('',*,*,#650,.T.);
#337=ORIENTED_EDGE('',*,*,#651,.T.);
#338=ORIENTED_EDGE('',*,*,#652,.T.);
#339=ORIENTED_EDGE('',*,*,#653,.T.);
#340=ORIENTED_EDGE('',*,*,#654,.F.);
#341=ORIENTED_EDGE('',*,*,#655,.F.);
#342=ORIENTED_EDGE('',*,*,#656,.F.);
#343=ORIENTED_EDGE('',*,*,#657,.T.);
#344=ORIENTED_EDGE('',*,*,#658,.F.);
#345=ORIENTED_EDGE('',*,*,#659,.T.);
#346=ORIENTED_EDGE('',*,*,#660,.T.);
#347=ORIENTED_EDGE('',*,*,#661,.T.);
#348=ORIENTED_EDGE('',*,*,#662,.T.);
#349=ORIENTED_EDGE('',*,*,#663,.T.);
#350=ORIENTED_EDGE('',*,*,#664,.T.);
#351=ORIENTED_EDGE('',*,*,#665,.T.);
#352=ORIENTED_EDGE('',*,*,#666,.T.);
#353=ORIENTED_EDGE('',*,*,#667,.T.);
#354=ORIENTED_EDGE('',*,*,#668,.T.);
#355=ORIENTED_EDGE('',*,*,#669,.T.);
#356=ORIENTED_EDGE('',*,*,#670,.T.);
#357=ORIENTED_EDGE('',*,*,#671,.T.);
#358=ORIENTED_EDGE('',*,*,#672,.T.);
#359=ORIENTED_EDGE('',*,*,#673,.T.);
#360=ORIENTED_EDGE('',*,*,#674,.T.);
#361=ORIENTED_EDGE('',*,*,#675,.T.);
#362=ORIENTED_EDGE('',*,*,#676,.T.);
#363=ORIENTED_EDGE('',*,*,#677,.T.);
#364=ORIENTED_EDGE('',*,*,#678,.T.);
#365=ORIENTED_EDGE('',*,*,#679,.T.);
#366=ORIENTED_EDGE('',*,*,#680,.T.);
#367=ORIENTED_EDGE('',*,*,#681,.T.);
#368=ORIENTED_EDGE('',*,*,#682,.T.);
#369=ORIENTED_EDGE('',*,*,#683,.T.);
#370=ORIENTED_EDGE('',*,*,#684,.T.);
#371=ORIENTED_EDGE('',*,*,#685,.T.);
#372=ORIENTED_EDGE('',*,*,#686,.T.);
#373=ORIENTED_EDGE('',*,*,#687,.T.);
#374=ORIENTED_EDGE('',*,*,#688,.F.);
#375=ORIENTED_EDGE('',*,*,#689,.F.);
#376=ORIENTED_EDGE('',*,*,#690,.T.);
#377=ORIENTED_EDGE('',*,*,#691,.T.);
#378=ORIENTED_EDGE('',*,*,#692,.T.);
#379=ORIENTED_EDGE('',*,*,#689,.T.);
#380=ORIENTED_EDGE('',*,*,#692,.F.);
#381=ORIENTED_EDGE('',*,*,#693,.T.);
#382=ORIENTED_EDGE('',*,*,#694,.T.);
#383=ORIENTED_EDGE('',*,*,#695,.T.);
#384=ORIENTED_EDGE('',*,*,#646,.F.);
#385=ORIENTED_EDGE('',*,*,#696,.T.);
#386=ORIENTED_EDGE('',*,*,#686,.F.);
#387=ORIENTED_EDGE('',*,*,#697,.F.);
#388=ORIENTED_EDGE('',*,*,#698,.T.);
#389=ORIENTED_EDGE('',*,*,#690,.F.);
#390=ORIENTED_EDGE('',*,*,#688,.T.);
#391=ORIENTED_EDGE('',*,*,#699,.T.);
#392=ORIENTED_EDGE('',*,*,#648,.F.);
#393=ORIENTED_EDGE('',*,*,#700,.T.);
#394=ORIENTED_EDGE('',*,*,#694,.F.);
#395=ORIENTED_EDGE('',*,*,#701,.T.);
#396=ORIENTED_EDGE('',*,*,#697,.T.);
#397=ORIENTED_EDGE('',*,*,#702,.T.);
#398=ORIENTED_EDGE('',*,*,#647,.F.);
#399=ORIENTED_EDGE('',*,*,#695,.F.);
#400=ORIENTED_EDGE('',*,*,#702,.F.);
#401=ORIENTED_EDGE('',*,*,#700,.F.);
#402=ORIENTED_EDGE('',*,*,#703,.T.);
#403=ORIENTED_EDGE('',*,*,#704,.T.);
#404=ORIENTED_EDGE('',*,*,#705,.F.);
#405=ORIENTED_EDGE('',*,*,#706,.T.);
#406=ORIENTED_EDGE('',*,*,#707,.F.);
#407=ORIENTED_EDGE('',*,*,#708,.T.);
#408=ORIENTED_EDGE('',*,*,#709,.F.);
#409=ORIENTED_EDGE('',*,*,#706,.F.);
#410=ORIENTED_EDGE('',*,*,#710,.T.);
#411=ORIENTED_EDGE('',*,*,#655,.T.);
#412=ORIENTED_EDGE('',*,*,#711,.T.);
#413=ORIENTED_EDGE('',*,*,#712,.T.);
#414=ORIENTED_EDGE('',*,*,#709,.T.);
#415=ORIENTED_EDGE('',*,*,#713,.T.);
#416=ORIENTED_EDGE('',*,*,#714,.T.);
#417=ORIENTED_EDGE('',*,*,#711,.F.);
#418=ORIENTED_EDGE('',*,*,#654,.T.);
#419=ORIENTED_EDGE('',*,*,#715,.T.);
#420=ORIENTED_EDGE('',*,*,#703,.F.);
#421=ORIENTED_EDGE('',*,*,#714,.F.);
#422=ORIENTED_EDGE('',*,*,#716,.T.);
#423=ORIENTED_EDGE('',*,*,#717,.T.);
#424=ORIENTED_EDGE('',*,*,#712,.F.);
#425=ORIENTED_EDGE('',*,*,#717,.F.);
#426=ORIENTED_EDGE('',*,*,#718,.T.);
#427=ORIENTED_EDGE('',*,*,#707,.T.);
#428=ORIENTED_EDGE('',*,*,#705,.T.);
#429=ORIENTED_EDGE('',*,*,#719,.T.);
#430=ORIENTED_EDGE('',*,*,#656,.T.);
#431=ORIENTED_EDGE('',*,*,#710,.F.);
#432=ORIENTED_EDGE('',*,*,#676,.F.);
#433=ORIENTED_EDGE('',*,*,#720,.T.);
#434=ORIENTED_EDGE('',*,*,#658,.T.);
#435=ORIENTED_EDGE('',*,*,#721,.T.);
#436=ORIENTED_EDGE('',*,*,#722,.F.);
#437=ORIENTED_EDGE('',*,*,#722,.T.);
#438=ORIENTED_EDGE('',*,*,#723,.T.);
#439=ORIENTED_EDGE('',*,*,#724,.F.);
#440=ORIENTED_EDGE('',*,*,#677,.F.);
#441=ORIENTED_EDGE('',*,*,#652,.F.);
#442=ORIENTED_EDGE('',*,*,#725,.T.);
#443=ORIENTED_EDGE('',*,*,#662,.F.);
#444=ORIENTED_EDGE('',*,*,#724,.T.);
#445=ORIENTED_EDGE('',*,*,#726,.T.);
#446=ORIENTED_EDGE('',*,*,#719,.F.);
#447=ORIENTED_EDGE('',*,*,#704,.F.);
#448=ORIENTED_EDGE('',*,*,#715,.F.);
#449=ORIENTED_EDGE('',*,*,#653,.F.);
#450=ORIENTED_EDGE('',*,*,#726,.F.);
#451=ORIENTED_EDGE('',*,*,#723,.F.);
#452=ORIENTED_EDGE('',*,*,#721,.F.);
#453=ORIENTED_EDGE('',*,*,#657,.F.);
#454=ORIENTED_EDGE('',*,*,#668,.F.);
#455=ORIENTED_EDGE('',*,*,#727,.T.);
#456=ORIENTED_EDGE('',*,*,#638,.T.);
#457=ORIENTED_EDGE('',*,*,#728,.T.);
#458=ORIENTED_EDGE('',*,*,#729,.F.);
#459=ORIENTED_EDGE('',*,*,#729,.T.);
#460=ORIENTED_EDGE('',*,*,#730,.T.);
#461=ORIENTED_EDGE('',*,*,#731,.F.);
#462=ORIENTED_EDGE('',*,*,#669,.F.);
#463=ORIENTED_EDGE('',*,*,#644,.F.);
#464=ORIENTED_EDGE('',*,*,#732,.T.);
#465=ORIENTED_EDGE('',*,*,#670,.F.);
#466=ORIENTED_EDGE('',*,*,#731,.T.);
#467=ORIENTED_EDGE('',*,*,#733,.T.);
#468=ORIENTED_EDGE('',*,*,#699,.F.);
#469=ORIENTED_EDGE('',*,*,#687,.F.);
#470=ORIENTED_EDGE('',*,*,#696,.F.);
#471=ORIENTED_EDGE('',*,*,#645,.F.);
#472=ORIENTED_EDGE('',*,*,#733,.F.);
#473=ORIENTED_EDGE('',*,*,#730,.F.);
#474=ORIENTED_EDGE('',*,*,#728,.F.);
#475=ORIENTED_EDGE('',*,*,#649,.F.);
#476=ORIENTED_EDGE('',*,*,#640,.F.);
#477=ORIENTED_EDGE('',*,*,#734,.T.);
#478=ORIENTED_EDGE('',*,*,#682,.F.);
#479=ORIENTED_EDGE('',*,*,#735,.T.);
#480=ORIENTED_EDGE('',*,*,#642,.F.);
#481=ORIENTED_EDGE('',*,*,#736,.T.);
#482=ORIENTED_EDGE('',*,*,#678,.F.);
#483=ORIENTED_EDGE('',*,*,#737,.T.);
#484=ORIENTED_EDGE('',*,*,#684,.F.);
#485=ORIENTED_EDGE('',*,*,#738,.T.);
#486=ORIENTED_EDGE('',*,*,#650,.F.);
#487=ORIENTED_EDGE('',*,*,#739,.T.);
#488=ORIENTED_EDGE('',*,*,#680,.F.);
#489=ORIENTED_EDGE('',*,*,#740,.T.);
#490=ORIENTED_EDGE('',*,*,#660,.F.);
#491=ORIENTED_EDGE('',*,*,#741,.T.);
#492=ORIENTED_EDGE('',*,*,#720,.F.);
#493=ORIENTED_EDGE('',*,*,#675,.F.);
#494=ORIENTED_EDGE('',*,*,#742,.F.);
#495=ORIENTED_EDGE('',*,*,#659,.F.);
#496=ORIENTED_EDGE('',*,*,#742,.T.);
#497=ORIENTED_EDGE('',*,*,#674,.F.);
#498=ORIENTED_EDGE('',*,*,#743,.F.);
#499=ORIENTED_EDGE('',*,*,#741,.F.);
#500=ORIENTED_EDGE('',*,*,#743,.T.);
#501=ORIENTED_EDGE('',*,*,#673,.F.);
#502=ORIENTED_EDGE('',*,*,#744,.F.);
#503=ORIENTED_EDGE('',*,*,#681,.F.);
#504=ORIENTED_EDGE('',*,*,#744,.T.);
#505=ORIENTED_EDGE('',*,*,#672,.F.);
#506=ORIENTED_EDGE('',*,*,#745,.F.);
#507=ORIENTED_EDGE('',*,*,#737,.F.);
#508=ORIENTED_EDGE('',*,*,#745,.T.);
#509=ORIENTED_EDGE('',*,*,#671,.F.);
#510=ORIENTED_EDGE('',*,*,#732,.F.);
#511=ORIENTED_EDGE('',*,*,#643,.F.);
#512=ORIENTED_EDGE('',*,*,#746,.F.);
#513=ORIENTED_EDGE('',*,*,#739,.F.);
#514=ORIENTED_EDGE('',*,*,#747,.F.);
#515=ORIENTED_EDGE('',*,*,#627,.F.);
#516=ORIENTED_EDGE('',*,*,#747,.T.);
#517=ORIENTED_EDGE('',*,*,#661,.F.);
#518=ORIENTED_EDGE('',*,*,#748,.F.);
#519=ORIENTED_EDGE('',*,*,#628,.F.);
#520=ORIENTED_EDGE('',*,*,#746,.T.);
#521=ORIENTED_EDGE('',*,*,#626,.F.);
#522=ORIENTED_EDGE('',*,*,#749,.F.);
#523=ORIENTED_EDGE('',*,*,#685,.F.);
#524=ORIENTED_EDGE('',*,*,#748,.T.);
#525=ORIENTED_EDGE('',*,*,#740,.F.);
#526=ORIENTED_EDGE('',*,*,#750,.F.);
#527=ORIENTED_EDGE('',*,*,#629,.F.);
#528=ORIENTED_EDGE('',*,*,#749,.T.);
#529=ORIENTED_EDGE('',*,*,#625,.F.);
#530=ORIENTED_EDGE('',*,*,#751,.F.);
#531=ORIENTED_EDGE('',*,*,#735,.F.);
#532=ORIENTED_EDGE('',*,*,#750,.T.);
#533=ORIENTED_EDGE('',*,*,#679,.F.);
#534=ORIENTED_EDGE('',*,*,#752,.F.);
#535=ORIENTED_EDGE('',*,*,#622,.F.);
#536=ORIENTED_EDGE('',*,*,#751,.T.);
#537=ORIENTED_EDGE('',*,*,#624,.F.);
#538=ORIENTED_EDGE('',*,*,#753,.F.);
#539=ORIENTED_EDGE('',*,*,#641,.F.);
#540=ORIENTED_EDGE('',*,*,#752,.T.);
#541=ORIENTED_EDGE('',*,*,#736,.F.);
#542=ORIENTED_EDGE('',*,*,#753,.T.);
#543=ORIENTED_EDGE('',*,*,#623,.F.);
#544=ORIENTED_EDGE('',*,*,#727,.F.);
#545=ORIENTED_EDGE('',*,*,#667,.F.);
#546=ORIENTED_EDGE('',*,*,#754,.F.);
#547=ORIENTED_EDGE('',*,*,#639,.F.);
#548=ORIENTED_EDGE('',*,*,#754,.T.);
#549=ORIENTED_EDGE('',*,*,#666,.F.);
#550=ORIENTED_EDGE('',*,*,#755,.F.);
#551=ORIENTED_EDGE('',*,*,#734,.F.);
#552=ORIENTED_EDGE('',*,*,#755,.T.);
#553=ORIENTED_EDGE('',*,*,#665,.F.);
#554=ORIENTED_EDGE('',*,*,#756,.F.);
#555=ORIENTED_EDGE('',*,*,#683,.F.);
#556=ORIENTED_EDGE('',*,*,#756,.T.);
#557=ORIENTED_EDGE('',*,*,#664,.F.);
#558=ORIENTED_EDGE('',*,*,#757,.F.);
#559=ORIENTED_EDGE('',*,*,#738,.F.);
#560=ORIENTED_EDGE('',*,*,#757,.T.);
#561=ORIENTED_EDGE('',*,*,#663,.F.);
#562=ORIENTED_EDGE('',*,*,#725,.F.);
#563=ORIENTED_EDGE('',*,*,#651,.F.);
#564=ORIENTED_EDGE('',*,*,#698,.F.);
#565=ORIENTED_EDGE('',*,*,#701,.F.);
#566=ORIENTED_EDGE('',*,*,#693,.F.);
#567=ORIENTED_EDGE('',*,*,#691,.F.);
#568=ORIENTED_EDGE('',*,*,#713,.F.);
#569=ORIENTED_EDGE('',*,*,#708,.F.);
#570=ORIENTED_EDGE('',*,*,#718,.F.);
#571=ORIENTED_EDGE('',*,*,#716,.F.);
#572=ORIENTED_EDGE('',*,*,#758,.F.);
#573=ORIENTED_EDGE('',*,*,#759,.F.);
#574=ORIENTED_EDGE('',*,*,#760,.F.);
#575=ORIENTED_EDGE('',*,*,#761,.F.);
#576=ORIENTED_EDGE('',*,*,#762,.F.);
#577=ORIENTED_EDGE('',*,*,#763,.F.);
#578=ORIENTED_EDGE('',*,*,#764,.F.);
#579=ORIENTED_EDGE('',*,*,#631,.F.);
#580=ORIENTED_EDGE('',*,*,#765,.F.);
#581=ORIENTED_EDGE('',*,*,#764,.T.);
#582=ORIENTED_EDGE('',*,*,#766,.T.);
#583=ORIENTED_EDGE('',*,*,#632,.F.);
#584=ORIENTED_EDGE('',*,*,#766,.F.);
#585=ORIENTED_EDGE('',*,*,#763,.T.);
#586=ORIENTED_EDGE('',*,*,#767,.T.);
#587=ORIENTED_EDGE('',*,*,#633,.F.);
#588=ORIENTED_EDGE('',*,*,#767,.F.);
#589=ORIENTED_EDGE('',*,*,#762,.T.);
#590=ORIENTED_EDGE('',*,*,#768,.T.);
#591=ORIENTED_EDGE('',*,*,#634,.F.);
#592=ORIENTED_EDGE('',*,*,#768,.F.);
#593=ORIENTED_EDGE('',*,*,#761,.T.);
#594=ORIENTED_EDGE('',*,*,#769,.T.);
#595=ORIENTED_EDGE('',*,*,#635,.F.);
#596=ORIENTED_EDGE('',*,*,#769,.F.);
#597=ORIENTED_EDGE('',*,*,#760,.T.);
#598=ORIENTED_EDGE('',*,*,#770,.T.);
#599=ORIENTED_EDGE('',*,*,#636,.F.);
#600=ORIENTED_EDGE('',*,*,#770,.F.);
#601=ORIENTED_EDGE('',*,*,#759,.T.);
#602=ORIENTED_EDGE('',*,*,#771,.T.);
#603=ORIENTED_EDGE('',*,*,#630,.F.);
#604=ORIENTED_EDGE('',*,*,#771,.F.);
#605=ORIENTED_EDGE('',*,*,#758,.T.);
#606=ORIENTED_EDGE('',*,*,#765,.T.);
#607=ORIENTED_EDGE('',*,*,#772,.F.);
#608=ORIENTED_EDGE('',*,*,#773,.F.);
#609=ORIENTED_EDGE('',*,*,#773,.T.);
#610=ORIENTED_EDGE('',*,*,#621,.F.);
#611=ORIENTED_EDGE('',*,*,#772,.T.);
#612=ORIENTED_EDGE('',*,*,#774,.F.);
#613=ORIENTED_EDGE('',*,*,#774,.T.);
#614=ORIENTED_EDGE('',*,*,#775,.F.);
#615=ORIENTED_EDGE('',*,*,#776,.F.);
#616=ORIENTED_EDGE('',*,*,#776,.T.);
#617=ORIENTED_EDGE('',*,*,#637,.F.);
#618=ORIENTED_EDGE('',*,*,#775,.T.);
#619=ORIENTED_EDGE('',*,*,#777,.F.);
#620=ORIENTED_EDGE('',*,*,#777,.T.);
#621=EDGE_CURVE('',#778,#778,#880,.T.);
#622=EDGE_CURVE('',#779,#780,#89,.T.);
#623=EDGE_CURVE('',#780,#781,#49,.T.);
#624=EDGE_CURVE('',#781,#782,#90,.T.);
#625=EDGE_CURVE('',#782,#783,#50,.T.);
#626=EDGE_CURVE('',#783,#784,#91,.T.);
#627=EDGE_CURVE('',#784,#785,#51,.T.);
#628=EDGE_CURVE('',#785,#786,#92,.T.);
#629=EDGE_CURVE('',#786,#779,#52,.T.);
#630=EDGE_CURVE('',#787,#788,#93,.T.);
#631=EDGE_CURVE('',#788,#789,#94,.T.);
#632=EDGE_CURVE('',#789,#790,#95,.T.);
#633=EDGE_CURVE('',#790,#791,#96,.T.);
#634=EDGE_CURVE('',#791,#792,#97,.T.);
#635=EDGE_CURVE('',#792,#793,#98,.T.);
#636=EDGE_CURVE('',#793,#787,#99,.T.);
#637=EDGE_CURVE('',#794,#794,#881,.T.);
#638=EDGE_CURVE('',#795,#796,#100,.T.);
#639=EDGE_CURVE('',#795,#797,#101,.T.);
#640=EDGE_CURVE('',#797,#798,#102,.T.);
#641=EDGE_CURVE('',#798,#799,#103,.F.);
#642=EDGE_CURVE('',#799,#800,#104,.F.);
#643=EDGE_CURVE('',#800,#801,#105,.T.);
#644=EDGE_CURVE('',#801,#802,#106,.T.);
#645=EDGE_CURVE('',#802,#803,#107,.T.);
#646=EDGE_CURVE('',#803,#804,#108,.T.);
#647=EDGE_CURVE('',#804,#805,#109,.T.);
#648=EDGE_CURVE('',#805,#806,#110,.T.);
#649=EDGE_CURVE('',#806,#796,#111,.T.);
#650=EDGE_CURVE('',#807,#808,#112,.F.);
#651=EDGE_CURVE('',#808,#809,#113,.T.);
#652=EDGE_CURVE('',#809,#810,#114,.T.);
#653=EDGE_CURVE('',#810,#811,#115,.T.);
#654=EDGE_CURVE('',#812,#811,#116,.T.);
#655=EDGE_CURVE('',#813,#812,#117,.T.);
#656=EDGE_CURVE('',#814,#813,#118,.T.);
#657=EDGE_CURVE('',#814,#815,#119,.T.);
#658=EDGE_CURVE('',#816,#815,#120,.T.);
#659=EDGE_CURVE('',#816,#817,#121,.T.);
#660=EDGE_CURVE('',#817,#818,#122,.T.);
#661=EDGE_CURVE('',#818,#807,#123,.F.);
#662=EDGE_CURVE('',#819,#820,#124,.T.);
#663=EDGE_CURVE('',#820,#821,#125,.F.);
#664=EDGE_CURVE('',#821,#822,#53,.F.);
#665=EDGE_CURVE('',#822,#823,#126,.F.);
#666=EDGE_CURVE('',#823,#824,#54,.F.);
#667=EDGE_CURVE('',#824,#825,#127,.F.);
#668=EDGE_CURVE('',#825,#826,#128,.T.);
#669=EDGE_CURVE('',#826,#827,#129,.T.);
#670=EDGE_CURVE('',#827,#828,#130,.T.);
#671=EDGE_CURVE('',#828,#829,#131,.F.);
#672=EDGE_CURVE('',#829,#830,#55,.F.);
#673=EDGE_CURVE('',#830,#831,#132,.F.);
#674=EDGE_CURVE('',#831,#832,#56,.F.);
#675=EDGE_CURVE('',#832,#833,#133,.F.);
#676=EDGE_CURVE('',#833,#834,#134,.T.);
#677=EDGE_CURVE('',#834,#819,#135,.T.);
#678=EDGE_CURVE('',#835,#836,#136,.T.);
#679=EDGE_CURVE('',#836,#837,#137,.F.);
#680=EDGE_CURVE('',#837,#838,#138,.F.);
#681=EDGE_CURVE('',#838,#835,#139,.T.);
#682=EDGE_CURVE('',#839,#840,#140,.F.);
#683=EDGE_CURVE('',#840,#841,#141,.T.);
#684=EDGE_CURVE('',#841,#842,#142,.T.);
#685=EDGE_CURVE('',#842,#839,#143,.F.);
#686=EDGE_CURVE('',#843,#844,#144,.T.);
#687=EDGE_CURVE('',#844,#845,#145,.T.);
#688=EDGE_CURVE('',#846,#845,#146,.T.);
#689=EDGE_CURVE('',#843,#846,#147,.T.);
#690=EDGE_CURVE('',#846,#847,#148,.T.);
#691=EDGE_CURVE('',#847,#848,#149,.T.);
#692=EDGE_CURVE('',#848,#843,#150,.T.);
#693=EDGE_CURVE('',#848,#849,#57,.F.);
#694=EDGE_CURVE('',#849,#850,#151,.T.);
#695=EDGE_CURVE('',#850,#804,#152,.T.);
#696=EDGE_CURVE('',#803,#844,#153,.T.);
#697=EDGE_CURVE('',#851,#852,#154,.T.);
#698=EDGE_CURVE('',#851,#847,#58,.F.);
#699=EDGE_CURVE('',#845,#806,#155,.T.);
#700=EDGE_CURVE('',#805,#852,#156,.T.);
#701=EDGE_CURVE('',#849,#851,#157,.F.);
#702=EDGE_CURVE('',#852,#850,#158,.T.);
#703=EDGE_CURVE('',#853,#854,#159,.T.);
#704=EDGE_CURVE('',#854,#855,#160,.T.);
#705=EDGE_CURVE('',#856,#855,#161,.T.);
#706=EDGE_CURVE('',#856,#853,#162,.T.);
#707=EDGE_CURVE('',#857,#856,#163,.T.);
#708=EDGE_CURVE('',#857,#858,#164,.F.);
#709=EDGE_CURVE('',#853,#858,#165,.T.);
#710=EDGE_CURVE('',#859,#813,#166,.T.);
#711=EDGE_CURVE('',#812,#860,#167,.T.);
#712=EDGE_CURVE('',#860,#859,#168,.T.);
#713=EDGE_CURVE('',#858,#861,#59,.T.);
#714=EDGE_CURVE('',#861,#860,#169,.T.);
#715=EDGE_CURVE('',#811,#854,#170,.T.);
#716=EDGE_CURVE('',#861,#862,#171,.T.);
#717=EDGE_CURVE('',#862,#859,#172,.T.);
#718=EDGE_CURVE('',#862,#857,#60,.T.);
#719=EDGE_CURVE('',#855,#814,#173,.T.);
#720=EDGE_CURVE('',#833,#816,#61,.F.);
#721=EDGE_CURVE('',#815,#863,#174,.T.);
#722=EDGE_CURVE('',#834,#863,#175,.T.);
#723=EDGE_CURVE('',#863,#864,#176,.T.);
#724=EDGE_CURVE('',#819,#864,#177,.T.);
#725=EDGE_CURVE('',#809,#820,#62,.F.);
#726=EDGE_CURVE('',#864,#810,#178,.T.);
#727=EDGE_CURVE('',#825,#795,#63,.F.);
#728=EDGE_CURVE('',#796,#865,#179,.T.);
#729=EDGE_CURVE('',#826,#865,#180,.T.);
#730=EDGE_CURVE('',#865,#866,#181,.T.);
#731=EDGE_CURVE('',#827,#866,#182,.T.);
#732=EDGE_CURVE('',#801,#828,#64,.F.);
#733=EDGE_CURVE('',#866,#802,#183,.T.);
#734=EDGE_CURVE('',#797,#840,#65,.T.);
#735=EDGE_CURVE('',#839,#798,#66,.F.);
#736=EDGE_CURVE('',#799,#836,#67,.F.);
#737=EDGE_CURVE('',#835,#800,#68,.T.);
#738=EDGE_CURVE('',#841,#808,#69,.T.);
#739=EDGE_CURVE('',#807,#842,#70,.F.);
#740=EDGE_CURVE('',#837,#818,#71,.F.);
#741=EDGE_CURVE('',#817,#838,#72,.T.);
#742=EDGE_CURVE('',#817,#832,#73,.T.);
#743=EDGE_CURVE('',#838,#831,#74,.T.);
#744=EDGE_CURVE('',#835,#830,#75,.T.);
#745=EDGE_CURVE('',#800,#829,#76,.T.);
#746=EDGE_CURVE('',#842,#784,#77,.T.);
#747=EDGE_CURVE('',#785,#807,#78,.T.);
#748=EDGE_CURVE('',#786,#818,#79,.T.);
#749=EDGE_CURVE('',#839,#783,#80,.T.);
#750=EDGE_CURVE('',#779,#837,#81,.T.);
#751=EDGE_CURVE('',#798,#782,#82,.T.);
#752=EDGE_CURVE('',#780,#836,#83,.T.);
#753=EDGE_CURVE('',#799,#781,#84,.T.);
#754=EDGE_CURVE('',#797,#824,#85,.T.);
#755=EDGE_CURVE('',#840,#823,#86,.T.);
#756=EDGE_CURVE('',#841,#822,#87,.T.);
#757=EDGE_CURVE('',#808,#821,#88,.T.);
#758=EDGE_CURVE('',#867,#868,#184,.T.);
#759=EDGE_CURVE('',#869,#867,#185,.T.);
#760=EDGE_CURVE('',#870,#869,#186,.T.);
#761=EDGE_CURVE('',#871,#870,#187,.T.);
#762=EDGE_CURVE('',#872,#871,#188,.T.);
#763=EDGE_CURVE('',#873,#872,#189,.T.);
#764=EDGE_CURVE('',#868,#873,#190,.T.);
#765=EDGE_CURVE('',#868,#788,#191,.T.);
#766=EDGE_CURVE('',#873,#789,#192,.T.);
#767=EDGE_CURVE('',#872,#790,#193,.T.);
#768=EDGE_CURVE('',#871,#791,#194,.T.);
#769=EDGE_CURVE('',#870,#792,#195,.T.);
#770=EDGE_CURVE('',#869,#793,#196,.T.);
#771=EDGE_CURVE('',#867,#787,#197,.T.);
#772=EDGE_CURVE('',#874,#874,#882,.T.);
#773=EDGE_CURVE('',#875,#875,#883,.T.);
#774=EDGE_CURVE('',#876,#876,#884,.T.);
#775=EDGE_CURVE('',#877,#877,#885,.T.);
#776=EDGE_CURVE('',#878,#878,#886,.T.);
#777=EDGE_CURVE('',#879,#879,#887,.T.);
#778=VERTEX_POINT('',#2046);
#779=VERTEX_POINT('',#2048);
#780=VERTEX_POINT('',#2049);
#781=VERTEX_POINT('',#2051);
#782=VERTEX_POINT('',#2053);
#783=VERTEX_POINT('',#2055);
#784=VERTEX_POINT('',#2057);
#785=VERTEX_POINT('',#2059);
#786=VERTEX_POINT('',#2061);
#787=VERTEX_POINT('',#2064);
#788=VERTEX_POINT('',#2065);
#789=VERTEX_POINT('',#2067);
#790=VERTEX_POINT('',#2069);
#791=VERTEX_POINT('',#2071);
#792=VERTEX_POINT('',#2073);
#793=VERTEX_POINT('',#2075);
#794=VERTEX_POINT('',#2093);
#795=VERTEX_POINT('',#2096);
#796=VERTEX_POINT('',#2097);
#797=VERTEX_POINT('',#2099);
#798=VERTEX_POINT('',#2101);
#799=VERTEX_POINT('',#2103);
#800=VERTEX_POINT('',#2105);
#801=VERTEX_POINT('',#2107);
#802=VERTEX_POINT('',#2109);
#803=VERTEX_POINT('',#2111);
#804=VERTEX_POINT('',#2113);
#805=VERTEX_POINT('',#2115);
#806=VERTEX_POINT('',#2117);
#807=VERTEX_POINT('',#2121);
#808=VERTEX_POINT('',#2122);
#809=VERTEX_POINT('',#2124);
#810=VERTEX_POINT('',#2126);
#811=VERTEX_POINT('',#2128);
#812=VERTEX_POINT('',#2130);
#813=VERTEX_POINT('',#2132);
#814=VERTEX_POINT('',#2134);
#815=VERTEX_POINT('',#2136);
#816=VERTEX_POINT('',#2138);
#817=VERTEX_POINT('',#2140);
#818=VERTEX_POINT('',#2142);
#819=VERTEX_POINT('',#2146);
#820=VERTEX_POINT('',#2147);
#821=VERTEX_POINT('',#2149);
#822=VERTEX_POINT('',#2151);
#823=VERTEX_POINT('',#2153);
#824=VERTEX_POINT('',#2155);
#825=VERTEX_POINT('',#2157);
#826=VERTEX_POINT('',#2159);
#827=VERTEX_POINT('',#2161);
#828=VERTEX_POINT('',#2163);
#829=VERTEX_POINT('',#2165);
#830=VERTEX_POINT('',#2167);
#831=VERTEX_POINT('',#2169);
#832=VERTEX_POINT('',#2171);
#833=VERTEX_POINT('',#2173);
#834=VERTEX_POINT('',#2175);
#835=VERTEX_POINT('',#2179);
#836=VERTEX_POINT('',#2180);
#837=VERTEX_POINT('',#2182);
#838=VERTEX_POINT('',#2184);
#839=VERTEX_POINT('',#2188);
#840=VERTEX_POINT('',#2189);
#841=VERTEX_POINT('',#2191);
#842=VERTEX_POINT('',#2193);
#843=VERTEX_POINT('',#2197);
#844=VERTEX_POINT('',#2198);
#845=VERTEX_POINT('',#2200);
#846=VERTEX_POINT('',#2202);
#847=VERTEX_POINT('',#2206);
#848=VERTEX_POINT('',#2208);
#849=VERTEX_POINT('',#2212);
#850=VERTEX_POINT('',#2214);
#851=VERTEX_POINT('',#2219);
#852=VERTEX_POINT('',#2220);
#853=VERTEX_POINT('',#2230);
#854=VERTEX_POINT('',#2231);
#855=VERTEX_POINT('',#2233);
#856=VERTEX_POINT('',#2235);
#857=VERTEX_POINT('',#2239);
#858=VERTEX_POINT('',#2241);
#859=VERTEX_POINT('',#2245);
#860=VERTEX_POINT('',#2247);
#861=VERTEX_POINT('',#2251);
#862=VERTEX_POINT('',#2256);
#863=VERTEX_POINT('',#2264);
#864=VERTEX_POINT('',#2268);
#865=VERTEX_POINT('',#2277);
#866=VERTEX_POINT('',#2281);
#867=VERTEX_POINT('',#2337);
#868=VERTEX_POINT('',#2338);
#869=VERTEX_POINT('',#2340);
#870=VERTEX_POINT('',#2342);
#871=VERTEX_POINT('',#2344);
#872=VERTEX_POINT('',#2346);
#873=VERTEX_POINT('',#2348);
#874=VERTEX_POINT('',#2387);
#875=VERTEX_POINT('',#2404);
#876=VERTEX_POINT('',#2533);
#877=VERTEX_POINT('',#2558);
#878=VERTEX_POINT('',#2575);
#879=VERTEX_POINT('',#2704);
#880=B_SPLINE_CURVE_WITH_KNOTS('',3,(#2030,#2031,#2032,#2033,#2034,#2035,
#2036,#2037,#2038,#2039,#2040,#2041,#2042,#2043,#2044,#2045),
 .UNSPECIFIED.,.T.,.F.,(4,3,2,3,2,2,4),(0.,0.127022009937958,0.252124813649998,
0.372950598431713,0.464314391221975,0.732812067993357,1.),.UNSPECIFIED.);
#881=B_SPLINE_CURVE_WITH_KNOTS('',3,(#2077,#2078,#2079,#2080,#2081,#2082,
#2083,#2084,#2085,#2086,#2087,#2088,#2089,#2090,#2091,#2092),
 .UNSPECIFIED.,.T.,.F.,(4,3,2,3,2,2,4),(0.,0.127022009937958,0.252124813649999,
0.372950598431713,0.464314391221975,0.732812067993356,1.),.UNSPECIFIED.);
#882=B_SPLINE_CURVE_WITH_KNOTS('',3,(#2365,#2366,#2367,#2368,#2369,#2370,
#2371,#2372,#2373,#2374,#2375,#2376,#2377,#2378,#2379,#2380,#2381,#2382,
#2383,#2384,#2385,#2386),.UNSPECIFIED.,.T.,.F.,(4,3,2,3,2,3,2,3,4),(0.,
0.126921307190206,0.251736038179849,0.372196766925667,0.502199402976772,
0.626785262525748,0.748723575586897,0.872148941246352,1.),.UNSPECIFIED.);
#883=B_SPLINE_CURVE_WITH_KNOTS('',3,(#2388,#2389,#2390,#2391,#2392,#2393,
#2394,#2395,#2396,#2397,#2398,#2399,#2400,#2401,#2402,#2403),
 .UNSPECIFIED.,.T.,.F.,(4,3,2,3,2,2,4),(0.,0.127022009937958,0.252124813649998,
0.372950598431713,0.464314391221975,0.732812067993357,1.),.UNSPECIFIED.);
#884=B_SPLINE_CURVE_WITH_KNOTS('',3,(#2511,#2512,#2513,#2514,#2515,#2516,
#2517,#2518,#2519,#2520,#2521,#2522,#2523,#2524,#2525,#2526,#2527,#2528,
#2529,#2530,#2531,#2532),.UNSPECIFIED.,.T.,.F.,(4,3,2,3,2,3,2,3,4),(0.,
0.126921307190206,0.251736038179849,0.372196766925667,0.502199402976772,
0.626785262525748,0.748723575586897,0.872148941246352,1.),.UNSPECIFIED.);
#885=B_SPLINE_CURVE_WITH_KNOTS('',3,(#2536,#2537,#2538,#2539,#2540,#2541,
#2542,#2543,#2544,#2545,#2546,#2547,#2548,#2549,#2550,#2551,#2552,#2553,
#2554,#2555,#2556,#2557),.UNSPECIFIED.,.T.,.F.,(4,3,2,3,2,3,2,3,4),(0.,
0.126921307190206,0.251736038179849,0.372196766925667,0.502199402976772,
0.626785262525748,0.748723575586896,0.872148941246352,1.),.UNSPECIFIED.);
#886=B_SPLINE_CURVE_WITH_KNOTS('',3,(#2559,#2560,#2561,#2562,#2563,#2564,
#2565,#2566,#2567,#2568,#2569,#2570,#2571,#2572,#2573,#2574),
 .UNSPECIFIED.,.T.,.F.,(4,3,2,3,2,2,4),(0.,0.127022009937958,0.252124813649999,
0.372950598431713,0.464314391221975,0.732812067993356,1.),.UNSPECIFIED.);
#887=B_SPLINE_CURVE_WITH_KNOTS('',3,(#2682,#2683,#2684,#2685,#2686,#2687,
#2688,#2689,#2690,#2691,#2692,#2693,#2694,#2695,#2696,#2697,#2698,#2699,
#2700,#2701,#2702,#2703),.UNSPECIFIED.,.T.,.F.,(4,3,2,3,2,3,2,3,4),(0.,
0.126921307190206,0.251736038179849,0.372196766925667,0.502199402976772,
0.626785262525748,0.748723575586896,0.872148941246352,1.),.UNSPECIFIED.);
#888=EDGE_LOOP('',(#307));
#889=EDGE_LOOP('',(#308,#309,#310,#311,#312,#313,#314,#315));
#890=EDGE_LOOP('',(#316,#317,#318,#319,#320,#321,#322));
#891=EDGE_LOOP('',(#323));
#892=EDGE_LOOP('',(#324,#325,#326,#327,#328,#329,#330,#331,#332,#333,#334,
#335));
#893=EDGE_LOOP('',(#336,#337,#338,#339,#340,#341,#342,#343,#344,#345,#346,
#347));
#894=EDGE_LOOP('',(#348,#349,#350,#351,#352,#353,#354,#355,#356,#357,#358,
#359,#360,#361,#362,#363));
#895=EDGE_LOOP('',(#364,#365,#366,#367));
#896=EDGE_LOOP('',(#368,#369,#370,#371));
#897=EDGE_LOOP('',(#372,#373,#374,#375));
#898=EDGE_LOOP('',(#376,#377,#378,#379));
#899=EDGE_LOOP('',(#380,#381,#382,#383,#384,#385,#386));
#900=EDGE_LOOP('',(#387,#388,#389,#390,#391,#392,#393));
#901=EDGE_LOOP('',(#394,#395,#396,#397));
#902=EDGE_LOOP('',(#398,#399,#400,#401));
#903=EDGE_LOOP('',(#402,#403,#404,#405));
#904=EDGE_LOOP('',(#406,#407,#408,#409));
#905=EDGE_LOOP('',(#410,#411,#412,#413));
#906=EDGE_LOOP('',(#414,#415,#416,#417,#418,#419,#420));
#907=EDGE_LOOP('',(#421,#422,#423,#424));
#908=EDGE_LOOP('',(#425,#426,#427,#428,#429,#430,#431));
#909=EDGE_LOOP('',(#432,#433,#434,#435,#436));
#910=EDGE_LOOP('',(#437,#438,#439,#440));
#911=EDGE_LOOP('',(#441,#442,#443,#444,#445));
#912=EDGE_LOOP('',(#446,#447,#448,#449,#450,#451,#452,#453));
#913=EDGE_LOOP('',(#454,#455,#456,#457,#458));
#914=EDGE_LOOP('',(#459,#460,#461,#462));
#915=EDGE_LOOP('',(#463,#464,#465,#466,#467));
#916=EDGE_LOOP('',(#468,#469,#470,#471,#472,#473,#474,#475));
#917=EDGE_LOOP('',(#476,#477,#478,#479));
#918=EDGE_LOOP('',(#480,#481,#482,#483));
#919=EDGE_LOOP('',(#484,#485,#486,#487));
#920=EDGE_LOOP('',(#488,#489,#490,#491));
#921=EDGE_LOOP('',(#492,#493,#494,#495));
#922=EDGE_LOOP('',(#496,#497,#498,#499));
#923=EDGE_LOOP('',(#500,#501,#502,#503));
#924=EDGE_LOOP('',(#504,#505,#506,#507));
#925=EDGE_LOOP('',(#508,#509,#510,#511));
#926=EDGE_LOOP('',(#512,#513,#514,#515));
#927=EDGE_LOOP('',(#516,#517,#518,#519));
#928=EDGE_LOOP('',(#520,#521,#522,#523));
#929=EDGE_LOOP('',(#524,#525,#526,#527));
#930=EDGE_LOOP('',(#528,#529,#530,#531));
#931=EDGE_LOOP('',(#532,#533,#534,#535));
#932=EDGE_LOOP('',(#536,#537,#538,#539));
#933=EDGE_LOOP('',(#540,#541,#542,#543));
#934=EDGE_LOOP('',(#544,#545,#546,#547));
#935=EDGE_LOOP('',(#548,#549,#550,#551));
#936=EDGE_LOOP('',(#552,#553,#554,#555));
#937=EDGE_LOOP('',(#556,#557,#558,#559));
#938=EDGE_LOOP('',(#560,#561,#562,#563));
#939=EDGE_LOOP('',(#564,#565,#566,#567));
#940=EDGE_LOOP('',(#568,#569,#570,#571));
#941=EDGE_LOOP('',(#572,#573,#574,#575,#576,#577,#578));
#942=EDGE_LOOP('',(#579,#580,#581,#582));
#943=EDGE_LOOP('',(#583,#584,#585,#586));
#944=EDGE_LOOP('',(#587,#588,#589,#590));
#945=EDGE_LOOP('',(#591,#592,#593,#594));
#946=EDGE_LOOP('',(#595,#596,#597,#598));
#947=EDGE_LOOP('',(#599,#600,#601,#602));
#948=EDGE_LOOP('',(#603,#604,#605,#606));
#949=EDGE_LOOP('',(#607));
#950=EDGE_LOOP('',(#608));
#951=EDGE_LOOP('',(#609));
#952=EDGE_LOOP('',(#610));
#953=EDGE_LOOP('',(#611));
#954=EDGE_LOOP('',(#612));
#955=EDGE_LOOP('',(#613));
#956=EDGE_LOOP('',(#614));
#957=EDGE_LOOP('',(#615));
#958=EDGE_LOOP('',(#616));
#959=EDGE_LOOP('',(#617));
#960=EDGE_LOOP('',(#618));
#961=EDGE_LOOP('',(#619));
#962=EDGE_LOOP('',(#620));
#963=FACE_BOUND('',#888,.T.);
#964=FACE_BOUND('',#889,.T.);
#965=FACE_BOUND('',#890,.T.);
#966=FACE_BOUND('',#891,.T.);
#967=FACE_BOUND('',#892,.T.);
#968=FACE_BOUND('',#893,.T.);
#969=FACE_BOUND('',#894,.T.);
#970=FACE_BOUND('',#895,.T.);
#971=FACE_BOUND('',#896,.T.);
#972=FACE_BOUND('',#897,.T.);
#973=FACE_BOUND('',#898,.T.);
#974=FACE_BOUND('',#899,.T.);
#975=FACE_BOUND('',#900,.T.);
#976=FACE_BOUND('',#901,.T.);
#977=FACE_BOUND('',#902,.T.);
#978=FACE_BOUND('',#903,.T.);
#979=FACE_BOUND('',#904,.T.);
#980=FACE_BOUND('',#905,.T.);
#981=FACE_BOUND('',#906,.T.);
#982=FACE_BOUND('',#907,.T.);
#983=FACE_BOUND('',#908,.T.);
#984=FACE_BOUND('',#909,.T.);
#985=FACE_BOUND('',#910,.T.);
#986=FACE_BOUND('',#911,.T.);
#987=FACE_BOUND('',#912,.T.);
#988=FACE_BOUND('',#913,.T.);
#989=FACE_BOUND('',#914,.T.);
#990=FACE_BOUND('',#915,.T.);
#991=FACE_BOUND('',#916,.T.);
#992=FACE_BOUND('',#917,.T.);
#993=FACE_BOUND('',#918,.T.);
#994=FACE_BOUND('',#919,.T.);
#995=FACE_BOUND('',#920,.T.);
#996=FACE_BOUND('',#921,.T.);
#997=FACE_BOUND('',#922,.T.);
#998=FACE_BOUND('',#923,.T.);
#999=FACE_BOUND('',#924,.T.);
#1000=FACE_BOUND('',#925,.T.);
#1001=FACE_BOUND('',#926,.T.);
#1002=FACE_BOUND('',#927,.T.);
#1003=FACE_BOUND('',#928,.T.);
#1004=FACE_BOUND('',#929,.T.);
#1005=FACE_BOUND('',#930,.T.);
#1006=FACE_BOUND('',#931,.T.);
#1007=FACE_BOUND('',#932,.T.);
#1008=FACE_BOUND('',#933,.T.);
#1009=FACE_BOUND('',#934,.T.);
#1010=FACE_BOUND('',#935,.T.);
#1011=FACE_BOUND('',#936,.T.);
#1012=FACE_BOUND('',#937,.T.);
#1013=FACE_BOUND('',#938,.T.);
#1014=FACE_BOUND('',#939,.T.);
#1015=FACE_BOUND('',#940,.T.);
#1016=FACE_BOUND('',#941,.T.);
#1017=FACE_BOUND('',#942,.T.);
#1018=FACE_BOUND('',#943,.T.);
#1019=FACE_BOUND('',#944,.T.);
#1020=FACE_BOUND('',#945,.T.);
#1021=FACE_BOUND('',#946,.T.);
#1022=FACE_BOUND('',#947,.T.);
#1023=FACE_BOUND('',#948,.T.);
#1024=FACE_BOUND('',#949,.T.);
#1025=FACE_BOUND('',#950,.T.);
#1026=FACE_BOUND('',#951,.T.);
#1027=FACE_BOUND('',#952,.T.);
#1028=FACE_BOUND('',#953,.T.);
#1029=FACE_BOUND('',#954,.T.);
#1030=FACE_BOUND('',#955,.T.);
#1031=FACE_BOUND('',#956,.T.);
#1032=FACE_BOUND('',#957,.T.);
#1033=FACE_BOUND('',#958,.T.);
#1034=FACE_BOUND('',#959,.T.);
#1035=FACE_BOUND('',#960,.T.);
#1036=FACE_BOUND('',#961,.T.);
#1037=FACE_BOUND('',#962,.T.);
#1038=PLANE('',#1611);
#1039=PLANE('',#1616);
#1040=PLANE('',#1617);
#1041=PLANE('',#1618);
#1042=PLANE('',#1623);
#1043=PLANE('',#1624);
#1044=PLANE('',#1625);
#1045=PLANE('',#1626);
#1046=PLANE('',#1627);
#1047=PLANE('',#1629);
#1048=PLANE('',#1631);
#1049=PLANE('',#1632);
#1050=PLANE('',#1633);
#1051=PLANE('',#1634);
#1052=PLANE('',#1635);
#1053=PLANE('',#1636);
#1054=PLANE('',#1638);
#1055=PLANE('',#1639);
#1056=PLANE('',#1641);
#1057=PLANE('',#1643);
#1058=PLANE('',#1644);
#1059=PLANE('',#1646);
#1060=PLANE('',#1647);
#1061=PLANE('',#1649);
#1062=PLANE('',#1650);
#1063=PLANE('',#1652);
#1064=PLANE('',#1701);
#1065=PLANE('',#1702);
#1066=PLANE('',#1703);
#1067=PLANE('',#1704);
#1068=PLANE('',#1705);
#1069=PLANE('',#1706);
#1070=PLANE('',#1707);
#1071=PLANE('',#1708);
#1072=PLANE('',#1709);
#1073=PLANE('',#1710);
#1074=PLANE('',#1711);
#1075=PLANE('',#1712);
#1076=STYLED_ITEM('',(#1142),#1540);
#1077=STYLED_ITEM('',(#1143),#1541);
#1078=STYLED_ITEM('',(#1144),#1542);
#1079=STYLED_ITEM('',(#1145),#1543);
#1080=STYLED_ITEM('',(#1146),#1544);
#1081=STYLED_ITEM('',(#1147),#1545);
#1082=STYLED_ITEM('',(#1148),#1546);
#1083=STYLED_ITEM('',(#1149),#1547);
#1084=STYLED_ITEM('',(#1150),#1548);
#1085=STYLED_ITEM('',(#1151),#1549);
#1086=STYLED_ITEM('',(#1152),#1550);
#1087=STYLED_ITEM('',(#1153),#1551);
#1088=STYLED_ITEM('',(#1154),#1552);
#1089=STYLED_ITEM('',(#1155),#1553);
#1090=STYLED_ITEM('',(#1156),#1554);
#1091=STYLED_ITEM('',(#1157),#1555);
#1092=STYLED_ITEM('',(#1158),#1556);
#1093=STYLED_ITEM('',(#1159),#1557);
#1094=STYLED_ITEM('',(#1160),#1558);
#1095=STYLED_ITEM('',(#1161),#1559);
#1096=STYLED_ITEM('',(#1162),#1560);
#1097=STYLED_ITEM('',(#1163),#1561);
#1098=STYLED_ITEM('',(#1164),#1562);
#1099=STYLED_ITEM('',(#1165),#1563);
#1100=STYLED_ITEM('',(#1166),#1564);
#1101=STYLED_ITEM('',(#1167),#1565);
#1102=STYLED_ITEM('',(#1168),#1566);
#1103=STYLED_ITEM('',(#1169),#1567);
#1104=STYLED_ITEM('',(#1170),#1568);
#1105=STYLED_ITEM('',(#1171),#1569);
#1106=STYLED_ITEM('',(#1172),#1570);
#1107=STYLED_ITEM('',(#1173),#1571);
#1108=STYLED_ITEM('',(#1174),#1572);
#1109=STYLED_ITEM('',(#1175),#1573);
#1110=STYLED_ITEM('',(#1176),#1574);
#1111=STYLED_ITEM('',(#1177),#1575);
#1112=STYLED_ITEM('',(#1178),#1576);
#1113=STYLED_ITEM('',(#1179),#1577);
#1114=STYLED_ITEM('',(#1180),#1578);
#1115=STYLED_ITEM('',(#1181),#1579);
#1116=STYLED_ITEM('',(#1182),#1580);
#1117=STYLED_ITEM('',(#1183),#1581);
#1118=STYLED_ITEM('',(#1184),#1582);
#1119=STYLED_ITEM('',(#1185),#1583);
#1120=STYLED_ITEM('',(#1186),#1584);
#1121=STYLED_ITEM('',(#1187),#1585);
#1122=STYLED_ITEM('',(#1188),#1586);
#1123=STYLED_ITEM('',(#1189),#1587);
#1124=STYLED_ITEM('',(#1190),#1588);
#1125=STYLED_ITEM('',(#1191),#1589);
#1126=STYLED_ITEM('',(#1192),#1590);
#1127=STYLED_ITEM('',(#1193),#1591);
#1128=STYLED_ITEM('',(#1194),#1592);
#1129=STYLED_ITEM('',(#1195),#1593);
#1130=STYLED_ITEM('',(#1196),#1594);
#1131=STYLED_ITEM('',(#1197),#1595);
#1132=STYLED_ITEM('',(#1198),#1596);
#1133=STYLED_ITEM('',(#1199),#1597);
#1134=STYLED_ITEM('',(#1200),#1598);
#1135=STYLED_ITEM('',(#1201),#1599);
#1136=STYLED_ITEM('',(#1202),#1600);
#1137=STYLED_ITEM('',(#1203),#1601);
#1138=STYLED_ITEM('',(#1204),#1602);
#1139=STYLED_ITEM('',(#1205),#1603);
#1140=STYLED_ITEM('',(#1206),#1604);
#1141=STYLED_ITEM('',(#1207),#1605);
#1142=PRESENTATION_STYLE_ASSIGNMENT((#1208));
#1143=PRESENTATION_STYLE_ASSIGNMENT((#1209));
#1144=PRESENTATION_STYLE_ASSIGNMENT((#1210));
#1145=PRESENTATION_STYLE_ASSIGNMENT((#1211));
#1146=PRESENTATION_STYLE_ASSIGNMENT((#1212));
#1147=PRESENTATION_STYLE_ASSIGNMENT((#1213));
#1148=PRESENTATION_STYLE_ASSIGNMENT((#1214));
#1149=PRESENTATION_STYLE_ASSIGNMENT((#1215));
#1150=PRESENTATION_STYLE_ASSIGNMENT((#1216));
#1151=PRESENTATION_STYLE_ASSIGNMENT((#1217));
#1152=PRESENTATION_STYLE_ASSIGNMENT((#1218));
#1153=PRESENTATION_STYLE_ASSIGNMENT((#1219));
#1154=PRESENTATION_STYLE_ASSIGNMENT((#1220));
#1155=PRESENTATION_STYLE_ASSIGNMENT((#1221));
#1156=PRESENTATION_STYLE_ASSIGNMENT((#1222));
#1157=PRESENTATION_STYLE_ASSIGNMENT((#1223));
#1158=PRESENTATION_STYLE_ASSIGNMENT((#1224));
#1159=PRESENTATION_STYLE_ASSIGNMENT((#1225));
#1160=PRESENTATION_STYLE_ASSIGNMENT((#1226));
#1161=PRESENTATION_STYLE_ASSIGNMENT((#1227));
#1162=PRESENTATION_STYLE_ASSIGNMENT((#1228));
#1163=PRESENTATION_STYLE_ASSIGNMENT((#1229));
#1164=PRESENTATION_STYLE_ASSIGNMENT((#1230));
#1165=PRESENTATION_STYLE_ASSIGNMENT((#1231));
#1166=PRESENTATION_STYLE_ASSIGNMENT((#1232));
#1167=PRESENTATION_STYLE_ASSIGNMENT((#1233));
#1168=PRESENTATION_STYLE_ASSIGNMENT((#1234));
#1169=PRESENTATION_STYLE_ASSIGNMENT((#1235));
#1170=PRESENTATION_STYLE_ASSIGNMENT((#1236));
#1171=PRESENTATION_STYLE_ASSIGNMENT((#1237));
#1172=PRESENTATION_STYLE_ASSIGNMENT((#1238));
#1173=PRESENTATION_STYLE_ASSIGNMENT((#1239));
#1174=PRESENTATION_STYLE_ASSIGNMENT((#1240));
#1175=PRESENTATION_STYLE_ASSIGNMENT((#1241));
#1176=PRESENTATION_STYLE_ASSIGNMENT((#1242));
#1177=PRESENTATION_STYLE_ASSIGNMENT((#1243));
#1178=PRESENTATION_STYLE_ASSIGNMENT((#1244));
#1179=PRESENTATION_STYLE_ASSIGNMENT((#1245));
#1180=PRESENTATION_STYLE_ASSIGNMENT((#1246));
#1181=PRESENTATION_STYLE_ASSIGNMENT((#1247));
#1182=PRESENTATION_STYLE_ASSIGNMENT((#1248));
#1183=PRESENTATION_STYLE_ASSIGNMENT((#1249));
#1184=PRESENTATION_STYLE_ASSIGNMENT((#1250));
#1185=PRESENTATION_STYLE_ASSIGNMENT((#1251));
#1186=PRESENTATION_STYLE_ASSIGNMENT((#1252));
#1187=PRESENTATION_STYLE_ASSIGNMENT((#1253));
#1188=PRESENTATION_STYLE_ASSIGNMENT((#1254));
#1189=PRESENTATION_STYLE_ASSIGNMENT((#1255));
#1190=PRESENTATION_STYLE_ASSIGNMENT((#1256));
#1191=PRESENTATION_STYLE_ASSIGNMENT((#1257));
#1192=PRESENTATION_STYLE_ASSIGNMENT((#1258));
#1193=PRESENTATION_STYLE_ASSIGNMENT((#1259));
#1194=PRESENTATION_STYLE_ASSIGNMENT((#1260));
#1195=PRESENTATION_STYLE_ASSIGNMENT((#1261));
#1196=PRESENTATION_STYLE_ASSIGNMENT((#1262));
#1197=PRESENTATION_STYLE_ASSIGNMENT((#1263));
#1198=PRESENTATION_STYLE_ASSIGNMENT((#1264));
#1199=PRESENTATION_STYLE_ASSIGNMENT((#1265));
#1200=PRESENTATION_STYLE_ASSIGNMENT((#1266));
#1201=PRESENTATION_STYLE_ASSIGNMENT((#1267));
#1202=PRESENTATION_STYLE_ASSIGNMENT((#1268));
#1203=PRESENTATION_STYLE_ASSIGNMENT((#1269));
#1204=PRESENTATION_STYLE_ASSIGNMENT((#1270));
#1205=PRESENTATION_STYLE_ASSIGNMENT((#1271));
#1206=PRESENTATION_STYLE_ASSIGNMENT((#1272));
#1207=PRESENTATION_STYLE_ASSIGNMENT((#1273));
#1208=SURFACE_STYLE_USAGE(.BOTH.,#1274);
#1209=SURFACE_STYLE_USAGE(.BOTH.,#1275);
#1210=SURFACE_STYLE_USAGE(.BOTH.,#1276);
#1211=SURFACE_STYLE_USAGE(.BOTH.,#1277);
#1212=SURFACE_STYLE_USAGE(.BOTH.,#1278);
#1213=SURFACE_STYLE_USAGE(.BOTH.,#1279);
#1214=SURFACE_STYLE_USAGE(.BOTH.,#1280);
#1215=SURFACE_STYLE_USAGE(.BOTH.,#1281);
#1216=SURFACE_STYLE_USAGE(.BOTH.,#1282);
#1217=SURFACE_STYLE_USAGE(.BOTH.,#1283);
#1218=SURFACE_STYLE_USAGE(.BOTH.,#1284);
#1219=SURFACE_STYLE_USAGE(.BOTH.,#1285);
#1220=SURFACE_STYLE_USAGE(.BOTH.,#1286);
#1221=SURFACE_STYLE_USAGE(.BOTH.,#1287);
#1222=SURFACE_STYLE_USAGE(.BOTH.,#1288);
#1223=SURFACE_STYLE_USAGE(.BOTH.,#1289);
#1224=SURFACE_STYLE_USAGE(.BOTH.,#1290);
#1225=SURFACE_STYLE_USAGE(.BOTH.,#1291);
#1226=SURFACE_STYLE_USAGE(.BOTH.,#1292);
#1227=SURFACE_STYLE_USAGE(.BOTH.,#1293);
#1228=SURFACE_STYLE_USAGE(.BOTH.,#1294);
#1229=SURFACE_STYLE_USAGE(.BOTH.,#1295);
#1230=SURFACE_STYLE_USAGE(.BOTH.,#1296);
#1231=SURFACE_STYLE_USAGE(.BOTH.,#1297);
#1232=SURFACE_STYLE_USAGE(.BOTH.,#1298);
#1233=SURFACE_STYLE_USAGE(.BOTH.,#1299);
#1234=SURFACE_STYLE_USAGE(.BOTH.,#1300);
#1235=SURFACE_STYLE_USAGE(.BOTH.,#1301);
#1236=SURFACE_STYLE_USAGE(.BOTH.,#1302);
#1237=SURFACE_STYLE_USAGE(.BOTH.,#1303);
#1238=SURFACE_STYLE_USAGE(.BOTH.,#1304);
#1239=SURFACE_STYLE_USAGE(.BOTH.,#1305);
#1240=SURFACE_STYLE_USAGE(.BOTH.,#1306);
#1241=SURFACE_STYLE_USAGE(.BOTH.,#1307);
#1242=SURFACE_STYLE_USAGE(.BOTH.,#1308);
#1243=SURFACE_STYLE_USAGE(.BOTH.,#1309);
#1244=SURFACE_STYLE_USAGE(.BOTH.,#1310);
#1245=SURFACE_STYLE_USAGE(.BOTH.,#1311);
#1246=SURFACE_STYLE_USAGE(.BOTH.,#1312);
#1247=SURFACE_STYLE_USAGE(.BOTH.,#1313);
#1248=SURFACE_STYLE_USAGE(.BOTH.,#1314);
#1249=SURFACE_STYLE_USAGE(.BOTH.,#1315);
#1250=SURFACE_STYLE_USAGE(.BOTH.,#1316);
#1251=SURFACE_STYLE_USAGE(.BOTH.,#1317);
#1252=SURFACE_STYLE_USAGE(.BOTH.,#1318);
#1253=SURFACE_STYLE_USAGE(.BOTH.,#1319);
#1254=SURFACE_STYLE_USAGE(.BOTH.,#1320);
#1255=SURFACE_STYLE_USAGE(.BOTH.,#1321);
#1256=SURFACE_STYLE_USAGE(.BOTH.,#1322);
#1257=SURFACE_STYLE_USAGE(.BOTH.,#1323);
#1258=SURFACE_STYLE_USAGE(.BOTH.,#1324);
#1259=SURFACE_STYLE_USAGE(.BOTH.,#1325);
#1260=SURFACE_STYLE_USAGE(.BOTH.,#1326);
#1261=SURFACE_STYLE_USAGE(.BOTH.,#1327);
#1262=SURFACE_STYLE_USAGE(.BOTH.,#1328);
#1263=SURFACE_STYLE_USAGE(.BOTH.,#1329);
#1264=SURFACE_STYLE_USAGE(.BOTH.,#1330);
#1265=SURFACE_STYLE_USAGE(.BOTH.,#1331);
#1266=SURFACE_STYLE_USAGE(.BOTH.,#1332);
#1267=SURFACE_STYLE_USAGE(.BOTH.,#1333);
#1268=SURFACE_STYLE_USAGE(.BOTH.,#1334);
#1269=SURFACE_STYLE_USAGE(.BOTH.,#1335);
#1270=SURFACE_STYLE_USAGE(.BOTH.,#1336);
#1271=SURFACE_STYLE_USAGE(.BOTH.,#1337);
#1272=SURFACE_STYLE_USAGE(.BOTH.,#1338);
#1273=SURFACE_STYLE_USAGE(.BOTH.,#1339);
#1274=SURFACE_SIDE_STYLE('',(#1340));
#1275=SURFACE_SIDE_STYLE('',(#1341));
#1276=SURFACE_SIDE_STYLE('',(#1342));
#1277=SURFACE_SIDE_STYLE('',(#1343));
#1278=SURFACE_SIDE_STYLE('',(#1344));
#1279=SURFACE_SIDE_STYLE('',(#1345));
#1280=SURFACE_SIDE_STYLE('',(#1346));
#1281=SURFACE_SIDE_STYLE('',(#1347));
#1282=SURFACE_SIDE_STYLE('',(#1348));
#1283=SURFACE_SIDE_STYLE('',(#1349));
#1284=SURFACE_SIDE_STYLE('',(#1350));
#1285=SURFACE_SIDE_STYLE('',(#1351));
#1286=SURFACE_SIDE_STYLE('',(#1352));
#1287=SURFACE_SIDE_STYLE('',(#1353));
#1288=SURFACE_SIDE_STYLE('',(#1354));
#1289=SURFACE_SIDE_STYLE('',(#1355));
#1290=SURFACE_SIDE_STYLE('',(#1356));
#1291=SURFACE_SIDE_STYLE('',(#1357));
#1292=SURFACE_SIDE_STYLE('',(#1358));
#1293=SURFACE_SIDE_STYLE('',(#1359));
#1294=SURFACE_SIDE_STYLE('',(#1360));
#1295=SURFACE_SIDE_STYLE('',(#1361));
#1296=SURFACE_SIDE_STYLE('',(#1362));
#1297=SURFACE_SIDE_STYLE('',(#1363));
#1298=SURFACE_SIDE_STYLE('',(#1364));
#1299=SURFACE_SIDE_STYLE('',(#1365));
#1300=SURFACE_SIDE_STYLE('',(#1366));
#1301=SURFACE_SIDE_STYLE('',(#1367));
#1302=SURFACE_SIDE_STYLE('',(#1368));
#1303=SURFACE_SIDE_STYLE('',(#1369));
#1304=SURFACE_SIDE_STYLE('',(#1370));
#1305=SURFACE_SIDE_STYLE('',(#1371));
#1306=SURFACE_SIDE_STYLE('',(#1372));
#1307=SURFACE_SIDE_STYLE('',(#1373));
#1308=SURFACE_SIDE_STYLE('',(#1374));
#1309=SURFACE_SIDE_STYLE('',(#1375));
#1310=SURFACE_SIDE_STYLE('',(#1376));
#1311=SURFACE_SIDE_STYLE('',(#1377));
#1312=SURFACE_SIDE_STYLE('',(#1378));
#1313=SURFACE_SIDE_STYLE('',(#1379));
#1314=SURFACE_SIDE_STYLE('',(#1380));
#1315=SURFACE_SIDE_STYLE('',(#1381));
#1316=SURFACE_SIDE_STYLE('',(#1382));
#1317=SURFACE_SIDE_STYLE('',(#1383));
#1318=SURFACE_SIDE_STYLE('',(#1384));
#1319=SURFACE_SIDE_STYLE('',(#1385));
#1320=SURFACE_SIDE_STYLE('',(#1386));
#1321=SURFACE_SIDE_STYLE('',(#1387));
#1322=SURFACE_SIDE_STYLE('',(#1388));
#1323=SURFACE_SIDE_STYLE('',(#1389));
#1324=SURFACE_SIDE_STYLE('',(#1390));
#1325=SURFACE_SIDE_STYLE('',(#1391));
#1326=SURFACE_SIDE_STYLE('',(#1392));
#1327=SURFACE_SIDE_STYLE('',(#1393));
#1328=SURFACE_SIDE_STYLE('',(#1394));
#1329=SURFACE_SIDE_STYLE('',(#1395));
#1330=SURFACE_SIDE_STYLE('',(#1396));
#1331=SURFACE_SIDE_STYLE('',(#1397));
#1332=SURFACE_SIDE_STYLE('',(#1398));
#1333=SURFACE_SIDE_STYLE('',(#1399));
#1334=SURFACE_SIDE_STYLE('',(#1400));
#1335=SURFACE_SIDE_STYLE('',(#1401));
#1336=SURFACE_SIDE_STYLE('',(#1402));
#1337=SURFACE_SIDE_STYLE('',(#1403));
#1338=SURFACE_SIDE_STYLE('',(#1404));
#1339=SURFACE_SIDE_STYLE('',(#1405));
#1340=SURFACE_STYLE_FILL_AREA(#1406);
#1341=SURFACE_STYLE_FILL_AREA(#1407);
#1342=SURFACE_STYLE_FILL_AREA(#1408);
#1343=SURFACE_STYLE_FILL_AREA(#1409);
#1344=SURFACE_STYLE_FILL_AREA(#1410);
#1345=SURFACE_STYLE_FILL_AREA(#1411);
#1346=SURFACE_STYLE_FILL_AREA(#1412);
#1347=SURFACE_STYLE_FILL_AREA(#1413);
#1348=SURFACE_STYLE_FILL_AREA(#1414);
#1349=SURFACE_STYLE_FILL_AREA(#1415);
#1350=SURFACE_STYLE_FILL_AREA(#1416);
#1351=SURFACE_STYLE_FILL_AREA(#1417);
#1352=SURFACE_STYLE_FILL_AREA(#1418);
#1353=SURFACE_STYLE_FILL_AREA(#1419);
#1354=SURFACE_STYLE_FILL_AREA(#1420);
#1355=SURFACE_STYLE_FILL_AREA(#1421);
#1356=SURFACE_STYLE_FILL_AREA(#1422);
#1357=SURFACE_STYLE_FILL_AREA(#1423);
#1358=SURFACE_STYLE_FILL_AREA(#1424);
#1359=SURFACE_STYLE_FILL_AREA(#1425);
#1360=SURFACE_STYLE_FILL_AREA(#1426);
#1361=SURFACE_STYLE_FILL_AREA(#1427);
#1362=SURFACE_STYLE_FILL_AREA(#1428);
#1363=SURFACE_STYLE_FILL_AREA(#1429);
#1364=SURFACE_STYLE_FILL_AREA(#1430);
#1365=SURFACE_STYLE_FILL_AREA(#1431);
#1366=SURFACE_STYLE_FILL_AREA(#1432);
#1367=SURFACE_STYLE_FILL_AREA(#1433);
#1368=SURFACE_STYLE_FILL_AREA(#1434);
#1369=SURFACE_STYLE_FILL_AREA(#1435);
#1370=SURFACE_STYLE_FILL_AREA(#1436);
#1371=SURFACE_STYLE_FILL_AREA(#1437);
#1372=SURFACE_STYLE_FILL_AREA(#1438);
#1373=SURFACE_STYLE_FILL_AREA(#1439);
#1374=SURFACE_STYLE_FILL_AREA(#1440);
#1375=SURFACE_STYLE_FILL_AREA(#1441);
#1376=SURFACE_STYLE_FILL_AREA(#1442);
#1377=SURFACE_STYLE_FILL_AREA(#1443);
#1378=SURFACE_STYLE_FILL_AREA(#1444);
#1379=SURFACE_STYLE_FILL_AREA(#1445);
#1380=SURFACE_STYLE_FILL_AREA(#1446);
#1381=SURFACE_STYLE_FILL_AREA(#1447);
#1382=SURFACE_STYLE_FILL_AREA(#1448);
#1383=SURFACE_STYLE_FILL_AREA(#1449);
#1384=SURFACE_STYLE_FILL_AREA(#1450);
#1385=SURFACE_STYLE_FILL_AREA(#1451);
#1386=SURFACE_STYLE_FILL_AREA(#1452);
#1387=SURFACE_STYLE_FILL_AREA(#1453);
#1388=SURFACE_STYLE_FILL_AREA(#1454);
#1389=SURFACE_STYLE_FILL_AREA(#1455);
#1390=SURFACE_STYLE_FILL_AREA(#1456);
#1391=SURFACE_STYLE_FILL_AREA(#1457);
#1392=SURFACE_STYLE_FILL_AREA(#1458);
#1393=SURFACE_STYLE_FILL_AREA(#1459);
#1394=SURFACE_STYLE_FILL_AREA(#1460);
#1395=SURFACE_STYLE_FILL_AREA(#1461);
#1396=SURFACE_STYLE_FILL_AREA(#1462);
#1397=SURFACE_STYLE_FILL_AREA(#1463);
#1398=SURFACE_STYLE_FILL_AREA(#1464);
#1399=SURFACE_STYLE_FILL_AREA(#1465);
#1400=SURFACE_STYLE_FILL_AREA(#1466);
#1401=SURFACE_STYLE_FILL_AREA(#1467);
#1402=SURFACE_STYLE_FILL_AREA(#1468);
#1403=SURFACE_STYLE_FILL_AREA(#1469);
#1404=SURFACE_STYLE_FILL_AREA(#1470);
#1405=SURFACE_STYLE_FILL_AREA(#1471);
#1406=FILL_AREA_STYLE('',(#1472));
#1407=FILL_AREA_STYLE('',(#1473));
#1408=FILL_AREA_STYLE('',(#1474));
#1409=FILL_AREA_STYLE('',(#1475));
#1410=FILL_AREA_STYLE('',(#1476));
#1411=FILL_AREA_STYLE('',(#1477));
#1412=FILL_AREA_STYLE('',(#1478));
#1413=FILL_AREA_STYLE('',(#1479));
#1414=FILL_AREA_STYLE('',(#1480));
#1415=FILL_AREA_STYLE('',(#1481));
#1416=FILL_AREA_STYLE('',(#1482));
#1417=FILL_AREA_STYLE('',(#1483));
#1418=FILL_AREA_STYLE('',(#1484));
#1419=FILL_AREA_STYLE('',(#1485));
#1420=FILL_AREA_STYLE('',(#1486));
#1421=FILL_AREA_STYLE('',(#1487));
#1422=FILL_AREA_STYLE('',(#1488));
#1423=FILL_AREA_STYLE('',(#1489));
#1424=FILL_AREA_STYLE('',(#1490));
#1425=FILL_AREA_STYLE('',(#1491));
#1426=FILL_AREA_STYLE('',(#1492));
#1427=FILL_AREA_STYLE('',(#1493));
#1428=FILL_AREA_STYLE('',(#1494));
#1429=FILL_AREA_STYLE('',(#1495));
#1430=FILL_AREA_STYLE('',(#1496));
#1431=FILL_AREA_STYLE('',(#1497));
#1432=FILL_AREA_STYLE('',(#1498));
#1433=FILL_AREA_STYLE('',(#1499));
#1434=FILL_AREA_STYLE('',(#1500));
#1435=FILL_AREA_STYLE('',(#1501));
#1436=FILL_AREA_STYLE('',(#1502));
#1437=FILL_AREA_STYLE('',(#1503));
#1438=FILL_AREA_STYLE('',(#1504));
#1439=FILL_AREA_STYLE('',(#1505));
#1440=FILL_AREA_STYLE('',(#1506));
#1441=FILL_AREA_STYLE('',(#1507));
#1442=FILL_AREA_STYLE('',(#1508));
#1443=FILL_AREA_STYLE('',(#1509));
#1444=FILL_AREA_STYLE('',(#1510));
#1445=FILL_AREA_STYLE('',(#1511));
#1446=FILL_AREA_STYLE('',(#1512));
#1447=FILL_AREA_STYLE('',(#1513));
#1448=FILL_AREA_STYLE('',(#1514));
#1449=FILL_AREA_STYLE('',(#1515));
#1450=FILL_AREA_STYLE('',(#1516));
#1451=FILL_AREA_STYLE('',(#1517));
#1452=FILL_AREA_STYLE('',(#1518));
#1453=FILL_AREA_STYLE('',(#1519));
#1454=FILL_AREA_STYLE('',(#1520));
#1455=FILL_AREA_STYLE('',(#1521));
#1456=FILL_AREA_STYLE('',(#1522));
#1457=FILL_AREA_STYLE('',(#1523));
#1458=FILL_AREA_STYLE('',(#1524));
#1459=FILL_AREA_STYLE('',(#1525));
#1460=FILL_AREA_STYLE('',(#1526));
#1461=FILL_AREA_STYLE('',(#1527));
#1462=FILL_AREA_STYLE('',(#1528));
#1463=FILL_AREA_STYLE('',(#1529));
#1464=FILL_AREA_STYLE('',(#1530));
#1465=FILL_AREA_STYLE('',(#1531));
#1466=FILL_AREA_STYLE('',(#1532));
#1467=FILL_AREA_STYLE('',(#1533));
#1468=FILL_AREA_STYLE('',(#1534));
#1469=FILL_AREA_STYLE('',(#1535));
#1470=FILL_AREA_STYLE('',(#1536));
#1471=FILL_AREA_STYLE('',(#1537));
#1472=FILL_AREA_STYLE_COLOUR('',#1538);
#1473=FILL_AREA_STYLE_COLOUR('',#1538);
#1474=FILL_AREA_STYLE_COLOUR('',#1538);
#1475=FILL_AREA_STYLE_COLOUR('',#1538);
#1476=FILL_AREA_STYLE_COLOUR('',#1538);
#1477=FILL_AREA_STYLE_COLOUR('',#1538);
#1478=FILL_AREA_STYLE_COLOUR('',#1539);
#1479=FILL_AREA_STYLE_COLOUR('',#1539);
#1480=FILL_AREA_STYLE_COLOUR('',#1539);
#1481=FILL_AREA_STYLE_COLOUR('',#1539);
#1482=FILL_AREA_STYLE_COLOUR('',#1539);
#1483=FILL_AREA_STYLE_COLOUR('',#1539);
#1484=FILL_AREA_STYLE_COLOUR('',#1539);
#1485=FILL_AREA_STYLE_COLOUR('',#1539);
#1486=FILL_AREA_STYLE_COLOUR('',#1539);
#1487=FILL_AREA_STYLE_COLOUR('',#1539);
#1488=FILL_AREA_STYLE_COLOUR('',#1539);
#1489=FILL_AREA_STYLE_COLOUR('',#1539);
#1490=FILL_AREA_STYLE_COLOUR('',#1538);
#1491=FILL_AREA_STYLE_COLOUR('',#1538);
#1492=FILL_AREA_STYLE_COLOUR('',#1538);
#1493=FILL_AREA_STYLE_COLOUR('',#1538);
#1494=FILL_AREA_STYLE_COLOUR('',#1538);
#1495=FILL_AREA_STYLE_COLOUR('',#1538);
#1496=FILL_AREA_STYLE_COLOUR('',#1538);
#1497=FILL_AREA_STYLE_COLOUR('',#1538);
#1498=FILL_AREA_STYLE_COLOUR('',#1538);
#1499=FILL_AREA_STYLE_COLOUR('',#1538);
#1500=FILL_AREA_STYLE_COLOUR('',#1538);
#1501=FILL_AREA_STYLE_COLOUR('',#1538);
#1502=FILL_AREA_STYLE_COLOUR('',#1538);
#1503=FILL_AREA_STYLE_COLOUR('',#1538);
#1504=FILL_AREA_STYLE_COLOUR('',#1538);
#1505=FILL_AREA_STYLE_COLOUR('',#1538);
#1506=FILL_AREA_STYLE_COLOUR('',#1538);
#1507=FILL_AREA_STYLE_COLOUR('',#1538);
#1508=FILL_AREA_STYLE_COLOUR('',#1538);
#1509=FILL_AREA_STYLE_COLOUR('',#1538);
#1510=FILL_AREA_STYLE_COLOUR('',#1538);
#1511=FILL_AREA_STYLE_COLOUR('',#1538);
#1512=FILL_AREA_STYLE_COLOUR('',#1538);
#1513=FILL_AREA_STYLE_COLOUR('',#1538);
#1514=FILL_AREA_STYLE_COLOUR('',#1538);
#1515=FILL_AREA_STYLE_COLOUR('',#1538);
#1516=FILL_AREA_STYLE_COLOUR('',#1538);
#1517=FILL_AREA_STYLE_COLOUR('',#1538);
#1518=FILL_AREA_STYLE_COLOUR('',#1538);
#1519=FILL_AREA_STYLE_COLOUR('',#1538);
#1520=FILL_AREA_STYLE_COLOUR('',#1539);
#1521=FILL_AREA_STYLE_COLOUR('',#1539);
#1522=FILL_AREA_STYLE_COLOUR('',#24);
#1523=FILL_AREA_STYLE_COLOUR('',#1538);
#1524=FILL_AREA_STYLE_COLOUR('',#1538);
#1525=FILL_AREA_STYLE_COLOUR('',#1538);
#1526=FILL_AREA_STYLE_COLOUR('',#1538);
#1527=FILL_AREA_STYLE_COLOUR('',#1538);
#1528=FILL_AREA_STYLE_COLOUR('',#1538);
#1529=FILL_AREA_STYLE_COLOUR('',#1538);
#1530=FILL_AREA_STYLE_COLOUR('',#24);
#1531=FILL_AREA_STYLE_COLOUR('',#1538);
#1532=FILL_AREA_STYLE_COLOUR('',#1538);
#1533=FILL_AREA_STYLE_COLOUR('',#1538);
#1534=FILL_AREA_STYLE_COLOUR('',#24);
#1535=FILL_AREA_STYLE_COLOUR('',#1538);
#1536=FILL_AREA_STYLE_COLOUR('',#1538);
#1537=FILL_AREA_STYLE_COLOUR('',#1538);
#1538=COLOUR_RGB('',0.200000002980232,0.200000002980232,0.200000002980232);
#1539=COLOUR_RGB('',0.699999988079071,0.699999988079071,0.699999988079071);
#1540=ADVANCED_FACE('',(#963,#964,#965,#966),#1038,.T.);
#1541=ADVANCED_FACE('',(#967),#1039,.T.);
#1542=ADVANCED_FACE('',(#968),#1040,.T.);
#1543=ADVANCED_FACE('',(#969),#1041,.F.);
#1544=ADVANCED_FACE('',(#970),#1042,.T.);
#1545=ADVANCED_FACE('',(#971),#1043,.T.);
#1546=ADVANCED_FACE('',(#972),#1044,.F.);
#1547=ADVANCED_FACE('',(#973),#1045,.T.);
#1548=ADVANCED_FACE('',(#974),#1046,.F.);
#1549=ADVANCED_FACE('',(#975),#1047,.F.);
#1550=ADVANCED_FACE('',(#976),#1048,.F.);
#1551=ADVANCED_FACE('',(#977),#1049,.F.);
#1552=ADVANCED_FACE('',(#978),#1050,.T.);
#1553=ADVANCED_FACE('',(#979),#1051,.F.);
#1554=ADVANCED_FACE('',(#980),#1052,.T.);
#1555=ADVANCED_FACE('',(#981),#1053,.T.);
#1556=ADVANCED_FACE('',(#982),#1054,.T.);
#1557=ADVANCED_FACE('',(#983),#1055,.T.);
#1558=ADVANCED_FACE('',(#984),#1056,.F.);
#1559=ADVANCED_FACE('',(#985),#1057,.F.);
#1560=ADVANCED_FACE('',(#986),#1058,.F.);
#1561=ADVANCED_FACE('',(#987),#1059,.F.);
#1562=ADVANCED_FACE('',(#988),#1060,.F.);
#1563=ADVANCED_FACE('',(#989),#1061,.F.);
#1564=ADVANCED_FACE('',(#990),#1062,.F.);
#1565=ADVANCED_FACE('',(#991),#1063,.F.);
#1566=ADVANCED_FACE('',(#992),#33,.T.);
#1567=ADVANCED_FACE('',(#993),#34,.T.);
#1568=ADVANCED_FACE('',(#994),#35,.T.);
#1569=ADVANCED_FACE('',(#995),#36,.T.);
#1570=ADVANCED_FACE('',(#996),#37,.T.);
#1571=ADVANCED_FACE('',(#997),#25,.T.);
#1572=ADVANCED_FACE('',(#998),#38,.T.);
#1573=ADVANCED_FACE('',(#999),#26,.T.);
#1574=ADVANCED_FACE('',(#1000),#39,.T.);
#1575=ADVANCED_FACE('',(#1001),#27,.T.);
#1576=ADVANCED_FACE('',(#1002),#40,.T.);
#1577=ADVANCED_FACE('',(#1003),#41,.T.);
#1578=ADVANCED_FACE('',(#1004),#28,.T.);
#1579=ADVANCED_FACE('',(#1005),#29,.T.);
#1580=ADVANCED_FACE('',(#1006),#42,.T.);
#1581=ADVANCED_FACE('',(#1007),#43,.T.);
#1582=ADVANCED_FACE('',(#1008),#30,.T.);
#1583=ADVANCED_FACE('',(#1009),#44,.T.);
#1584=ADVANCED_FACE('',(#1010),#31,.T.);
#1585=ADVANCED_FACE('',(#1011),#45,.T.);
#1586=ADVANCED_FACE('',(#1012),#32,.T.);
#1587=ADVANCED_FACE('',(#1013),#46,.T.);
#1588=ADVANCED_FACE('',(#1014),#47,.T.);
#1589=ADVANCED_FACE('',(#1015),#48,.T.);
#1590=ADVANCED_FACE('',(#1016),#1064,.T.);
#1591=ADVANCED_FACE('',(#1017),#1065,.T.);
#1592=ADVANCED_FACE('',(#1018),#1066,.T.);
#1593=ADVANCED_FACE('',(#1019),#1067,.T.);
#1594=ADVANCED_FACE('',(#1020),#1068,.T.);
#1595=ADVANCED_FACE('',(#1021),#1069,.T.);
#1596=ADVANCED_FACE('',(#1022),#1070,.T.);
#1597=ADVANCED_FACE('',(#1023),#1071,.T.);
#1598=ADVANCED_FACE('',(#1024,#1025),#1072,.T.);
#1599=ADVANCED_FACE('',(#1026,#1027),#20,.T.);
#1600=ADVANCED_FACE('',(#1028,#1029),#21,.T.);
#1601=ADVANCED_FACE('',(#1030),#1073,.T.);
#1602=ADVANCED_FACE('',(#1031,#1032),#1074,.T.);
#1603=ADVANCED_FACE('',(#1033,#1034),#22,.T.);
#1604=ADVANCED_FACE('',(#1035,#1036),#23,.T.);
#1605=ADVANCED_FACE('',(#1037),#1075,.T.);
#1606=CLOSED_SHELL('',(#1540,#1541,#1542,#1543,#1544,#1545,#1546,#1547,
#1548,#1549,#1550,#1551,#1552,#1553,#1554,#1555,#1556,#1557,#1558,#1559,
#1560,#1561,#1562,#1563,#1564,#1565,#1566,#1567,#1568,#1569,#1570,#1571,
#1572,#1573,#1574,#1575,#1576,#1577,#1578,#1579,#1580,#1581,#1582,#1583,
#1584,#1585,#1586,#1587,#1588,#1589,#1590,#1591,#1592,#1593,#1594,#1595,
#1596,#1597,#1598,#1599,#1600,#1601,#1602,#1603,#1604,#1605));
#1607=MANIFOLD_SOLID_BREP('',#1606);
#1608=SHAPE_DEFINITION_REPRESENTATION(#2712,#1609);
#1609=SHAPE_REPRESENTATION('AMRM00101040100MA1',(#1610),#2707);
#1610=AXIS2_PLACEMENT_3D('',#2028,#1713,#1714);
#1611=AXIS2_PLACEMENT_3D('',#2029,#1715,#1716);
#1612=AXIS2_PLACEMENT_3D('',#2050,#1718,#1719);
#1613=AXIS2_PLACEMENT_3D('',#2054,#1721,#1722);
#1614=AXIS2_PLACEMENT_3D('',#2058,#1724,#1725);
#1615=AXIS2_PLACEMENT_3D('',#2062,#1727,#1728);
#1616=AXIS2_PLACEMENT_3D('',#2094,#1736,#1737);
#1617=AXIS2_PLACEMENT_3D('',#2119,#1750,#1751);
#1618=AXIS2_PLACEMENT_3D('',#2144,#1764,#1765);
#1619=AXIS2_PLACEMENT_3D('',#2150,#1768,#1769);
#1620=AXIS2_PLACEMENT_3D('',#2154,#1771,#1772);
#1621=AXIS2_PLACEMENT_3D('',#2166,#1778,#1779);
#1622=AXIS2_PLACEMENT_3D('',#2170,#1781,#1782);
#1623=AXIS2_PLACEMENT_3D('',#2177,#1786,#1787);
#1624=AXIS2_PLACEMENT_3D('',#2186,#1792,#1793);
#1625=AXIS2_PLACEMENT_3D('',#2195,#1798,#1799);
#1626=AXIS2_PLACEMENT_3D('',#2204,#1804,#1805);
#1627=AXIS2_PLACEMENT_3D('',#2210,#1809,#1810);
#1628=AXIS2_PLACEMENT_3D('',#2211,#1811,#1812);
#1629=AXIS2_PLACEMENT_3D('',#2217,#1816,#1817);
#1630=AXIS2_PLACEMENT_3D('',#2221,#1819,#1820);
#1631=AXIS2_PLACEMENT_3D('',#2224,#1823,#1824);
#1632=AXIS2_PLACEMENT_3D('',#2227,#1827,#1828);
#1633=AXIS2_PLACEMENT_3D('',#2228,#1829,#1830);
#1634=AXIS2_PLACEMENT_3D('',#2237,#1835,#1836);
#1635=AXIS2_PLACEMENT_3D('',#2243,#1840,#1841);
#1636=AXIS2_PLACEMENT_3D('',#2249,#1845,#1846);
#1637=AXIS2_PLACEMENT_3D('',#2250,#1847,#1848);
#1638=AXIS2_PLACEMENT_3D('',#2254,#1851,#1852);
#1639=AXIS2_PLACEMENT_3D('',#2258,#1855,#1856);
#1640=AXIS2_PLACEMENT_3D('',#2259,#1857,#1858);
#1641=AXIS2_PLACEMENT_3D('',#2261,#1860,#1861);
#1642=AXIS2_PLACEMENT_3D('',#2262,#1862,#1863);
#1643=AXIS2_PLACEMENT_3D('',#2266,#1866,#1867);
#1644=AXIS2_PLACEMENT_3D('',#2270,#1870,#1871);
#1645=AXIS2_PLACEMENT_3D('',#2271,#1872,#1873);
#1646=AXIS2_PLACEMENT_3D('',#2273,#1875,#1876);
#1647=AXIS2_PLACEMENT_3D('',#2274,#1877,#1878);
#1648=AXIS2_PLACEMENT_3D('',#2275,#1879,#1880);
#1649=AXIS2_PLACEMENT_3D('',#2279,#1883,#1884);
#1650=AXIS2_PLACEMENT_3D('',#2283,#1887,#1888);
#1651=AXIS2_PLACEMENT_3D('',#2284,#1889,#1890);
#1652=AXIS2_PLACEMENT_3D('',#2286,#1892,#1893);
#1653=AXIS2_PLACEMENT_3D('',#2287,#1894,#1895);
#1654=AXIS2_PLACEMENT_3D('',#2288,#1896,#1897);
#1655=AXIS2_PLACEMENT_3D('',#2289,#1898,#1899);
#1656=AXIS2_PLACEMENT_3D('',#2290,#1900,#1901);
#1657=AXIS2_PLACEMENT_3D('',#2291,#1902,#1903);
#1658=AXIS2_PLACEMENT_3D('',#2292,#1904,#1905);
#1659=AXIS2_PLACEMENT_3D('',#2293,#1906,#1907);
#1660=AXIS2_PLACEMENT_3D('',#2294,#1908,#1909);
#1661=AXIS2_PLACEMENT_3D('',#2295,#1910,#1911);
#1662=AXIS2_PLACEMENT_3D('',#2296,#1912,#1913);
#1663=AXIS2_PLACEMENT_3D('',#2297,#1914,#1915);
#1664=AXIS2_PLACEMENT_3D('',#2298,#1916,#1917);
#1665=AXIS2_PLACEMENT_3D('',#2299,#1918,#1919);
#1666=AXIS2_PLACEMENT_3D('',#2300,#1920,#1921);
#1667=AXIS2_PLACEMENT_3D('',#2301,#1922,#1923);
#1668=AXIS2_PLACEMENT_3D('',#2302,#1924,#1925);
#1669=AXIS2_PLACEMENT_3D('',#2303,#1926,#1927);
#1670=AXIS2_PLACEMENT_3D('',#2304,#1928,#1929);
#1671=AXIS2_PLACEMENT_3D('',#2305,#1930,#1931);
#1672=AXIS2_PLACEMENT_3D('',#2306,#1932,#1933);
#1673=AXIS2_PLACEMENT_3D('',#2307,#1934,#1935);
#1674=AXIS2_PLACEMENT_3D('',#2308,#1936,#1937);
#1675=AXIS2_PLACEMENT_3D('',#2309,#1938,#1939);
#1676=AXIS2_PLACEMENT_3D('',#2310,#1940,#1941);
#1677=AXIS2_PLACEMENT_3D('',#2311,#1942,#1943);
#1678=AXIS2_PLACEMENT_3D('',#2312,#1944,#1945);
#1679=AXIS2_PLACEMENT_3D('',#2313,#1946,#1947);
#1680=AXIS2_PLACEMENT_3D('',#2314,#1948,#1949);
#1681=AXIS2_PLACEMENT_3D('',#2315,#1950,#1951);
#1682=AXIS2_PLACEMENT_3D('',#2316,#1952,#1953);
#1683=AXIS2_PLACEMENT_3D('',#2317,#1954,#1955);
#1684=AXIS2_PLACEMENT_3D('',#2318,#1956,#1957);
#1685=AXIS2_PLACEMENT_3D('',#2319,#1958,#1959);
#1686=AXIS2_PLACEMENT_3D('',#2320,#1960,#1961);
#1687=AXIS2_PLACEMENT_3D('',#2321,#1962,#1963);
#1688=AXIS2_PLACEMENT_3D('',#2322,#1964,#1965);
#1689=AXIS2_PLACEMENT_3D('',#2323,#1966,#1967);
#1690=AXIS2_PLACEMENT_3D('',#2324,#1968,#1969);
#1691=AXIS2_PLACEMENT_3D('',#2325,#1970,#1971);
#1692=AXIS2_PLACEMENT_3D('',#2326,#1972,#1973);
#1693=AXIS2_PLACEMENT_3D('',#2327,#1974,#1975);
#1694=AXIS2_PLACEMENT_3D('',#2328,#1976,#1977);
#1695=AXIS2_PLACEMENT_3D('',#2329,#1978,#1979);
#1696=AXIS2_PLACEMENT_3D('',#2330,#1980,#1981);
#1697=AXIS2_PLACEMENT_3D('',#2331,#1982,#1983);
#1698=AXIS2_PLACEMENT_3D('',#2332,#1984,#1985);
#1699=AXIS2_PLACEMENT_3D('',#2333,#1986,#1987);
#1700=AXIS2_PLACEMENT_3D('',#2334,#1988,#1989);
#1701=AXIS2_PLACEMENT_3D('',#2335,#1990,#1991);
#1702=AXIS2_PLACEMENT_3D('',#2350,#1999,#2000);
#1703=AXIS2_PLACEMENT_3D('',#2353,#2003,#2004);
#1704=AXIS2_PLACEMENT_3D('',#2355,#2006,#2007);
#1705=AXIS2_PLACEMENT_3D('',#2357,#2009,#2010);
#1706=AXIS2_PLACEMENT_3D('',#2359,#2012,#2013);
#1707=AXIS2_PLACEMENT_3D('',#2361,#2015,#2016);
#1708=AXIS2_PLACEMENT_3D('',#2363,#2018,#2019);
#1709=AXIS2_PLACEMENT_3D('',#2364,#2020,#2021);
#1710=AXIS2_PLACEMENT_3D('',#2534,#2022,#2023);
#1711=AXIS2_PLACEMENT_3D('',#2535,#2024,#2025);
#1712=AXIS2_PLACEMENT_3D('',#2705,#2026,#2027);
#1713=DIRECTION('',(0.,0.,1.));
#1714=DIRECTION('',(1.,0.,0.));
#1715=DIRECTION('',(0.,0.,1.));
#1716=DIRECTION('',(1.,0.,0.));
#1717=DIRECTION('',(1.,0.,0.));
#1718=DIRECTION('',(0.,0.,1.));
#1719=DIRECTION('',(1.,0.,0.));
#1720=DIRECTION('',(0.,1.,0.));
#1721=DIRECTION('',(0.,0.,1.));
#1722=DIRECTION('',(1.,0.,0.));
#1723=DIRECTION('',(-1.,0.,0.));
#1724=DIRECTION('',(0.,0.,1.));
#1725=DIRECTION('',(1.,0.,0.));
#1726=DIRECTION('',(0.,-1.,0.));
#1727=DIRECTION('',(0.,0.,1.));
#1728=DIRECTION('',(1.,0.,0.));
#1729=DIRECTION('',(-8.36219760693607E-17,1.,0.));
#1730=DIRECTION('',(-0.614984882492204,-0.788538898410249,0.));
#1731=DIRECTION('',(-1.,0.,0.));
#1732=DIRECTION('',(0.606426454651622,0.795139582148106,0.));
#1733=DIRECTION('',(1.,0.,0.));
#1734=DIRECTION('',(1.45676585337821E-16,-1.,0.));
#1735=DIRECTION('',(-0.999944602941541,0.0105257326625425,0.));
#1736=DIRECTION('',(1.,0.,0.));
#1737=DIRECTION('',(0.,0.,-1.));
#1738=DIRECTION('',(0.,0.,1.));
#1739=DIRECTION('',(0.,1.,0.));
#1740=DIRECTION('',(0.,0.,1.));
#1741=DIRECTION('',(0.,1.,0.));
#1742=DIRECTION('',(0.,0.,1.));
#1743=DIRECTION('',(0.,1.,0.));
#1744=DIRECTION('',(0.,0.,1.));
#1745=DIRECTION('',(0.,1.,0.));
#1746=DIRECTION('',(0.,0.,1.));
#1747=DIRECTION('',(0.,1.,0.));
#1748=DIRECTION('',(0.,0.,-1.));
#1749=DIRECTION('',(0.,1.,0.));
#1750=DIRECTION('',(-1.,0.,0.));
#1751=DIRECTION('',(0.,0.,1.));
#1752=DIRECTION('',(0.,0.,1.));
#1753=DIRECTION('',(0.,-1.,0.));
#1754=DIRECTION('',(0.,0.,1.));
#1755=DIRECTION('',(0.,-1.,0.));
#1756=DIRECTION('',(0.,0.,-1.));
#1757=DIRECTION('',(0.,1.,0.));
#1758=DIRECTION('',(0.,0.,1.));
#1759=DIRECTION('',(0.,-1.,0.));
#1760=DIRECTION('',(0.,0.,1.));
#1761=DIRECTION('',(0.,-1.,0.));
#1762=DIRECTION('',(0.,0.,1.));
#1763=DIRECTION('',(0.,-1.,0.));
#1764=DIRECTION('',(0.,0.,1.));
#1765=DIRECTION('',(1.,0.,0.));
#1766=DIRECTION('',(-1.,0.,0.));
#1767=DIRECTION('',(0.,-1.,0.));
#1768=DIRECTION('',(0.,0.,1.));
#1769=DIRECTION('',(1.,0.,0.));
#1770=DIRECTION('',(-1.,0.,0.));
#1771=DIRECTION('',(0.,0.,1.));
#1772=DIRECTION('',(1.,0.,0.));
#1773=DIRECTION('',(0.,1.,0.));
#1774=DIRECTION('',(-1.,1.11200222819026E-16,0.));
#1775=DIRECTION('',(0.,-1.,0.));
#1776=DIRECTION('',(1.,0.,0.));
#1777=DIRECTION('',(0.,1.,0.));
#1778=DIRECTION('',(0.,0.,1.));
#1779=DIRECTION('',(1.,0.,0.));
#1780=DIRECTION('',(1.,0.,0.));
#1781=DIRECTION('',(0.,0.,1.));
#1782=DIRECTION('',(1.,0.,0.));
#1783=DIRECTION('',(0.,-1.,0.));
#1784=DIRECTION('',(1.,-1.11200222819026E-16,0.));
#1785=DIRECTION('',(0.,1.,0.));
#1786=DIRECTION('',(0.,-1.,0.));
#1787=DIRECTION('',(0.,0.,-1.));
#1788=DIRECTION('',(0.,0.,1.));
#1789=DIRECTION('',(1.,0.,0.));
#1790=DIRECTION('',(0.,0.,1.));
#1791=DIRECTION('',(1.,0.,0.));
#1792=DIRECTION('',(0.,1.,0.));
#1793=DIRECTION('',(0.,0.,1.));
#1794=DIRECTION('',(0.,0.,1.));
#1795=DIRECTION('',(-1.,0.,0.));
#1796=DIRECTION('',(0.,0.,1.));
#1797=DIRECTION('',(-1.,0.,0.));
#1798=DIRECTION('',(1.,0.,0.));
#1799=DIRECTION('',(0.,0.,-1.));
#1800=DIRECTION('',(0.,0.,1.));
#1801=DIRECTION('',(0.,1.,0.));
#1802=DIRECTION('',(0.,0.,1.));
#1803=DIRECTION('',(0.,1.,0.));
#1804=DIRECTION('',(0.,0.,-1.));
#1805=DIRECTION('',(-1.,0.,0.));
#1806=DIRECTION('',(1.,1.20466908053945E-16,0.));
#1807=DIRECTION('',(0.,-1.,0.));
#1808=DIRECTION('',(-1.,0.,0.));
#1809=DIRECTION('',(0.,1.,0.));
#1810=DIRECTION('',(0.,0.,1.));
#1811=DIRECTION('',(0.,1.,0.));
#1812=DIRECTION('',(0.,0.,1.));
#1813=DIRECTION('',(0.,0.,1.));
#1814=DIRECTION('',(-1.,0.,0.));
#1815=DIRECTION('',(-1.,0.,0.));
#1816=DIRECTION('',(-3.09772049281574E-16,-1.,0.));
#1817=DIRECTION('',(1.,-3.09772049281574E-16,0.));
#1818=DIRECTION('',(0.,0.,1.));
#1819=DIRECTION('',(-3.09772049281574E-16,-1.,0.));
#1820=DIRECTION('',(1.,-3.09772049281574E-16,0.));
#1821=DIRECTION('',(1.,-2.40933816107889E-16,0.));
#1822=DIRECTION('',(1.,-3.09772049281574E-16,0.));
#1823=DIRECTION('',(-1.,0.,0.));
#1824=DIRECTION('',(0.,0.,1.));
#1825=DIRECTION('',(0.,-1.,0.));
#1826=DIRECTION('',(0.,-1.,0.));
#1827=DIRECTION('',(0.,0.,-1.));
#1828=DIRECTION('',(-1.,0.,0.));
#1829=DIRECTION('',(1.,0.,0.));
#1830=DIRECTION('',(0.,0.,-1.));
#1831=DIRECTION('',(0.,0.,1.));
#1832=DIRECTION('',(0.,-1.,0.));
#1833=DIRECTION('',(0.,0.,1.));
#1834=DIRECTION('',(0.,1.,0.));
#1835=DIRECTION('',(0.,0.,1.));
#1836=DIRECTION('',(1.,0.,0.));
#1837=DIRECTION('',(1.,1.20466908053945E-16,0.));
#1838=DIRECTION('',(0.,-1.,0.));
#1839=DIRECTION('',(-1.,0.,0.));
#1840=DIRECTION('',(0.,0.,1.));
#1841=DIRECTION('',(1.,0.,0.));
#1842=DIRECTION('',(1.,1.20466908053945E-16,0.));
#1843=DIRECTION('',(-1.,0.,0.));
#1844=DIRECTION('',(0.,-1.,0.));
#1845=DIRECTION('',(0.,1.,0.));
#1846=DIRECTION('',(0.,0.,1.));
#1847=DIRECTION('',(0.,1.,0.));
#1848=DIRECTION('',(0.,0.,1.));
#1849=DIRECTION('',(0.,0.,1.));
#1850=DIRECTION('',(1.,0.,0.));
#1851=DIRECTION('',(-1.,0.,0.));
#1852=DIRECTION('',(0.,0.,1.));
#1853=DIRECTION('',(0.,-1.,0.));
#1854=DIRECTION('',(0.,0.,1.));
#1855=DIRECTION('',(1.20466908053945E-16,-1.,0.));
#1856=DIRECTION('',(1.,1.20466908053945E-16,0.));
#1857=DIRECTION('',(1.20466908053945E-16,-1.,0.));
#1858=DIRECTION('',(1.,1.20466908053945E-16,0.));
#1859=DIRECTION('',(-1.,-1.20466908053945E-16,0.));
#1860=DIRECTION('',(-1.11200222819026E-16,-1.,0.));
#1861=DIRECTION('',(1.,-1.11200222819026E-16,0.));
#1862=DIRECTION('',(-1.11200222819026E-16,-1.,0.));
#1863=DIRECTION('',(1.,-1.11200222819026E-16,0.));
#1864=DIRECTION('',(1.,-1.11200222819026E-16,0.));
#1865=DIRECTION('',(0.,0.,1.));
#1866=DIRECTION('',(1.,0.,0.));
#1867=DIRECTION('',(0.,0.,-1.));
#1868=DIRECTION('',(0.,1.,0.));
#1869=DIRECTION('',(0.,0.,1.));
#1870=DIRECTION('',(0.,1.,0.));
#1871=DIRECTION('',(0.,0.,1.));
#1872=DIRECTION('',(0.,1.,0.));
#1873=DIRECTION('',(0.,0.,1.));
#1874=DIRECTION('',(-1.,0.,0.));
#1875=DIRECTION('',(0.,0.,1.));
#1876=DIRECTION('',(1.,0.,0.));
#1877=DIRECTION('',(1.11200222819026E-16,1.,0.));
#1878=DIRECTION('',(-1.,1.11200222819026E-16,0.));
#1879=DIRECTION('',(1.11200222819026E-16,1.,0.));
#1880=DIRECTION('',(-1.,1.11200222819026E-16,0.));
#1881=DIRECTION('',(-1.,1.11200222819026E-16,0.));
#1882=DIRECTION('',(0.,0.,1.));
#1883=DIRECTION('',(-1.,0.,0.));
#1884=DIRECTION('',(0.,0.,1.));
#1885=DIRECTION('',(0.,-1.,0.));
#1886=DIRECTION('',(0.,0.,1.));
#1887=DIRECTION('',(0.,-1.,0.));
#1888=DIRECTION('',(0.,0.,-1.));
#1889=DIRECTION('',(0.,-1.,0.));
#1890=DIRECTION('',(0.,0.,-1.));
#1891=DIRECTION('',(1.,0.,0.));
#1892=DIRECTION('',(0.,0.,1.));
#1893=DIRECTION('',(1.,0.,0.));
#1894=DIRECTION('',(0.,0.,1.));
#1895=DIRECTION('',(1.,0.,0.));
#1896=DIRECTION('',(0.,0.,1.));
#1897=DIRECTION('',(1.,0.,0.));
#1898=DIRECTION('',(0.,0.,1.));
#1899=DIRECTION('',(1.,0.,0.));
#1900=DIRECTION('',(0.,0.,1.));
#1901=DIRECTION('',(1.,0.,0.));
#1902=DIRECTION('',(0.,0.,1.));
#1903=DIRECTION('',(1.,0.,0.));
#1904=DIRECTION('',(0.,0.,1.));
#1905=DIRECTION('',(1.,0.,0.));
#1906=DIRECTION('',(0.,0.,1.));
#1907=DIRECTION('',(1.,0.,0.));
#1908=DIRECTION('',(0.,0.,1.));
#1909=DIRECTION('',(1.,0.,0.));
#1910=DIRECTION('',(0.,0.,1.));
#1911=DIRECTION('',(1.,0.,0.));
#1912=DIRECTION('',(0.,0.,1.));
#1913=DIRECTION('',(1.,0.,0.));
#1914=DIRECTION('',(0.,0.,1.));
#1915=DIRECTION('',(1.,0.,0.));
#1916=DIRECTION('',(0.,0.,1.));
#1917=DIRECTION('',(1.,0.,0.));
#1918=DIRECTION('',(0.,1.,0.));
#1919=DIRECTION('',(0.,0.,1.));
#1920=DIRECTION('',(0.,-1.,0.));
#1921=DIRECTION('',(0.,0.,-1.));
#1922=DIRECTION('',(0.,0.,1.));
#1923=DIRECTION('',(1.,0.,0.));
#1924=DIRECTION('',(1.,0.,0.));
#1925=DIRECTION('',(0.,0.,-1.));
#1926=DIRECTION('',(-1.,0.,0.));
#1927=DIRECTION('',(0.,0.,1.));
#1928=DIRECTION('',(1.,0.,0.));
#1929=DIRECTION('',(0.,0.,-1.));
#1930=DIRECTION('',(0.,0.,1.));
#1931=DIRECTION('',(1.,0.,0.));
#1932=DIRECTION('',(0.,1.,0.));
#1933=DIRECTION('',(0.,0.,1.));
#1934=DIRECTION('',(0.,-1.,0.));
#1935=DIRECTION('',(0.,0.,-1.));
#1936=DIRECTION('',(0.,0.,1.));
#1937=DIRECTION('',(1.,0.,0.));
#1938=DIRECTION('',(1.,0.,0.));
#1939=DIRECTION('',(0.,0.,-1.));
#1940=DIRECTION('',(0.,-1.,0.));
#1941=DIRECTION('',(0.,0.,-1.));
#1942=DIRECTION('',(0.,-1.,0.));
#1943=DIRECTION('',(0.,0.,-1.));
#1944=DIRECTION('',(0.,-1.,0.));
#1945=DIRECTION('',(0.,0.,-1.));
#1946=DIRECTION('',(-1.,0.,0.));
#1947=DIRECTION('',(0.,0.,1.));
#1948=DIRECTION('',(1.,0.,0.));
#1949=DIRECTION('',(0.,0.,-1.));
#1950=DIRECTION('',(0.,0.,1.));
#1951=DIRECTION('',(1.,0.,0.));
#1952=DIRECTION('',(1.,0.,0.));
#1953=DIRECTION('',(0.,0.,-1.));
#1954=DIRECTION('',(0.,0.,1.));
#1955=DIRECTION('',(1.,0.,0.));
#1956=DIRECTION('',(0.,-1.,0.));
#1957=DIRECTION('',(0.,0.,-1.));
#1958=DIRECTION('',(1.,0.,0.));
#1959=DIRECTION('',(0.,0.,-1.));
#1960=DIRECTION('',(1.,0.,0.));
#1961=DIRECTION('',(0.,0.,-1.));
#1962=DIRECTION('',(0.,1.,0.));
#1963=DIRECTION('',(0.,0.,1.));
#1964=DIRECTION('',(0.,-1.,0.));
#1965=DIRECTION('',(0.,0.,-1.));
#1966=DIRECTION('',(0.,0.,1.));
#1967=DIRECTION('',(1.,0.,0.));
#1968=DIRECTION('',(0.,-1.,0.));
#1969=DIRECTION('',(0.,0.,-1.));
#1970=DIRECTION('',(0.,1.,0.));
#1971=DIRECTION('',(0.,0.,1.));
#1972=DIRECTION('',(0.,0.,1.));
#1973=DIRECTION('',(1.,0.,0.));
#1974=DIRECTION('',(-1.,0.,0.));
#1975=DIRECTION('',(0.,0.,1.));
#1976=DIRECTION('',(1.,0.,0.));
#1977=DIRECTION('',(0.,0.,-1.));
#1978=DIRECTION('',(-1.,0.,0.));
#1979=DIRECTION('',(0.,0.,1.));
#1980=DIRECTION('',(0.,0.,1.));
#1981=DIRECTION('',(1.,0.,0.));
#1982=DIRECTION('',(0.,-1.,0.));
#1983=DIRECTION('',(0.,0.,-1.));
#1984=DIRECTION('',(0.,1.,0.));
#1985=DIRECTION('',(0.,0.,1.));
#1986=DIRECTION('',(0.,1.,0.));
#1987=DIRECTION('',(0.,0.,1.));
#1988=DIRECTION('',(0.,1.,0.));
#1989=DIRECTION('',(0.,0.,1.));
#1990=DIRECTION('',(0.,0.,1.));
#1991=DIRECTION('',(1.,0.,0.));
#1992=DIRECTION('',(-8.36219760693607E-17,1.,0.));
#1993=DIRECTION('',(-0.999944602941541,0.0105257326625425,0.));
#1994=DIRECTION('',(1.45676585337821E-16,-1.,0.));
#1995=DIRECTION('',(1.,0.,0.));
#1996=DIRECTION('',(0.606426454651622,0.795139582148106,0.));
#1997=DIRECTION('',(-1.,0.,0.));
#1998=DIRECTION('',(-0.614984882492204,-0.788538898410249,0.));
#1999=DIRECTION('',(-0.788538898410249,0.614984882492205,0.));
#2000=DIRECTION('',(-0.614984882492204,-0.788538898410249,0.));
#2001=DIRECTION('',(0.,0.,1.));
#2002=DIRECTION('',(0.,0.,1.));
#2003=DIRECTION('',(0.,1.,0.));
#2004=DIRECTION('',(0.,0.,1.));
#2005=DIRECTION('',(0.,0.,1.));
#2006=DIRECTION('',(0.795139582148106,-0.606426454651622,0.));
#2007=DIRECTION('',(0.606426454651622,0.795139582148106,0.));
#2008=DIRECTION('',(0.,0.,1.));
#2009=DIRECTION('',(0.,-1.,0.));
#2010=DIRECTION('',(0.,0.,-1.));
#2011=DIRECTION('',(0.,0.,1.));
#2012=DIRECTION('',(-1.,-1.45676585337821E-16,0.));
#2013=DIRECTION('',(1.45676585337821E-16,-1.,0.));
#2014=DIRECTION('',(0.,0.,1.));
#2015=DIRECTION('',(0.0105257326625425,0.999944602941541,0.));
#2016=DIRECTION('',(-0.999944602941541,0.0105257326625425,0.));
#2017=DIRECTION('',(0.,0.,1.));
#2018=DIRECTION('',(1.,8.36219760693607E-17,0.));
#2019=DIRECTION('',(-8.36219760693607E-17,1.,0.));
#2020=DIRECTION('',(0.,0.,1.));
#2021=DIRECTION('',(1.,0.,0.));
#2022=DIRECTION('',(0.,0.,1.));
#2023=DIRECTION('',(1.,0.,0.));
#2024=DIRECTION('',(0.,0.,1.));
#2025=DIRECTION('',(1.,0.,0.));
#2026=DIRECTION('',(0.,0.,1.));
#2027=DIRECTION('',(1.,0.,0.));
#2028=CARTESIAN_POINT('',(0.,0.,0.));
#2029=CARTESIAN_POINT('',(0.,0.,0.));
#2030=CARTESIAN_POINT('',(2.38206971164884,0.0483794480921989,0.));
#2031=CARTESIAN_POINT('',(2.38206971164884,-0.29874698868941,0.));
#2032=CARTESIAN_POINT('',(2.34298925187872,-0.602195264551479,0.));
#2033=CARTESIAN_POINT('',(2.26023063118907,-0.866563080643433,0.));
#2034=CARTESIAN_POINT('',(2.13597016655877,-1.26350623154577,0.));
#2035=CARTESIAN_POINT('',(1.94298925187872,-1.46196537949401,0.));
#2036=CARTESIAN_POINT('',(1.41425361969481,-1.46196537949401,0.));
#2037=CARTESIAN_POINT('',(1.22115017141895,-1.26196537949401,0.));
#2038=CARTESIAN_POINT('',(1.09931109095918,-0.861965379494008,0.));
#2039=CARTESIAN_POINT('',(1.01731414474436,-0.592767857958569,0.));
#2040=CARTESIAN_POINT('',(0.975173159924698,-0.28955158639056,0.));
#2041=CARTESIAN_POINT('',(0.975173159924698,1.04148289636806,0.));
#2042=CARTESIAN_POINT('',(1.20965591854539,1.53803462050599,0.));
#2043=CARTESIAN_POINT('',(2.14988580360286,1.53803462050599,0.));
#2044=CARTESIAN_POINT('',(2.38206971164884,1.04148289636806,0.));
#2045=CARTESIAN_POINT('',(2.38206971164884,0.0483794480921989,0.));
#2046=CARTESIAN_POINT('',(2.38206971164884,0.0483794480921989,0.));
#2047=CARTESIAN_POINT('',(0.,-5.,0.));
#2048=CARTESIAN_POINT('',(-4.8,-5.,0.));
#2049=CARTESIAN_POINT('',(4.8,-5.,0.));
#2050=CARTESIAN_POINT('',(4.8,-4.8,0.));
#2051=CARTESIAN_POINT('',(5.,-4.8,0.));
#2052=CARTESIAN_POINT('',(5.,0.,0.));
#2053=CARTESIAN_POINT('',(5.,4.8,0.));
#2054=CARTESIAN_POINT('',(4.8,4.8,0.));
#2055=CARTESIAN_POINT('',(4.8,5.,0.));
#2056=CARTESIAN_POINT('',(0.,5.,0.));
#2057=CARTESIAN_POINT('',(-4.8,5.,0.));
#2058=CARTESIAN_POINT('',(-4.8,4.8,0.));
#2059=CARTESIAN_POINT('',(-5.,4.8,0.));
#2060=CARTESIAN_POINT('',(-5.,0.,0.));
#2061=CARTESIAN_POINT('',(-5.,-4.8,0.));
#2062=CARTESIAN_POINT('',(-4.8,-4.8,0.));
#2063=CARTESIAN_POINT('',(-1.45241304697185,-1.43667802317217,0.));
#2064=CARTESIAN_POINT('',(-1.45241304697185,-1.43667802317217,0.));
#2065=CARTESIAN_POINT('',(-1.45241304697185,1.15642542510369,0.));
#2066=CARTESIAN_POINT('',(-1.45241304697185,1.15642542510369,0.));
#2067=CARTESIAN_POINT('',(-1.82712569065001,0.67596565498875,0.));
#2068=CARTESIAN_POINT('',(-1.82712569065001,0.67596565498875,0.));
#2069=CARTESIAN_POINT('',(-2.08689580559254,0.67596565498875,0.));
#2070=CARTESIAN_POINT('',(-2.08689580559254,0.67596565498875,0.));
#2071=CARTESIAN_POINT('',(-1.42942454122473,1.53803462050599,0.));
#2072=CARTESIAN_POINT('',(-1.42942454122473,1.53803462050599,0.));
#2073=CARTESIAN_POINT('',(-1.23402224237415,1.53803462050599,0.));
#2074=CARTESIAN_POINT('',(-1.23402224237415,1.53803462050599,0.));
#2075=CARTESIAN_POINT('',(-1.23402224237415,-1.43897687374688,0.));
#2076=CARTESIAN_POINT('',(-1.23402224237415,-1.43897687374688,0.));
#2077=CARTESIAN_POINT('',(0.602759366821251,0.0483794480921987,0.));
#2078=CARTESIAN_POINT('',(0.602759366821251,-0.298746988689411,0.));
#2079=CARTESIAN_POINT('',(0.563678907051135,-0.60219526455148,0.));
#2080=CARTESIAN_POINT('',(0.480920286361479,-0.866563080643434,0.));
#2081=CARTESIAN_POINT('',(0.356659821731182,-1.26350623154577,0.));
#2082=CARTESIAN_POINT('',(0.163678907051135,-1.46196537949401,0.));
#2083=CARTESIAN_POINT('',(-0.365056725132773,-1.46196537949401,0.));
#2084=CARTESIAN_POINT('',(-0.558160173408635,-1.26196537949401,0.));
#2085=CARTESIAN_POINT('',(-0.679999253868406,-0.861965379494009,0.));
#2086=CARTESIAN_POINT('',(-0.761996200083223,-0.59276785795857,0.));
#2087=CARTESIAN_POINT('',(-0.804137184902888,-0.28955158639056,0.));
#2088=CARTESIAN_POINT('',(-0.804137184902888,1.04148289636806,0.));
#2089=CARTESIAN_POINT('',(-0.569654426282199,1.53803462050599,0.));
#2090=CARTESIAN_POINT('',(0.370575458775273,1.53803462050599,0.));
#2091=CARTESIAN_POINT('',(0.60275936682125,1.04148289636806,0.));
#2092=CARTESIAN_POINT('',(0.602759366821251,0.0483794480921987,0.));
#2093=CARTESIAN_POINT('',(0.602759366821251,0.0483794480921987,0.));
#2094=CARTESIAN_POINT('',(5.1,-5.1,-3.4));
#2095=CARTESIAN_POINT('',(5.1,1.65,-3.8));
#2096=CARTESIAN_POINT('',(5.1,1.65,-3.3));
#2097=CARTESIAN_POINT('',(5.1,1.65,-3.));
#2098=CARTESIAN_POINT('',(5.1,4.8,-3.3));
#2099=CARTESIAN_POINT('',(5.1,4.8,-3.3));
#2100=CARTESIAN_POINT('',(5.1,4.8,-3.4));
#2101=CARTESIAN_POINT('',(5.1,4.8,-0.1));
#2102=CARTESIAN_POINT('',(5.1,-5.1,-0.1));
#2103=CARTESIAN_POINT('',(5.1,-4.8,-0.1));
#2104=CARTESIAN_POINT('',(5.1,-4.8,-3.4));
#2105=CARTESIAN_POINT('',(5.1,-4.8,-3.3));
#2106=CARTESIAN_POINT('',(5.1,-1.65,-3.3));
#2107=CARTESIAN_POINT('',(5.1,-1.65,-3.3));
#2108=CARTESIAN_POINT('',(5.1,-1.65,-3.8));
#2109=CARTESIAN_POINT('',(5.1,-1.65,-3.));
#2110=CARTESIAN_POINT('',(5.1,-1.65,-3.));
#2111=CARTESIAN_POINT('',(5.1,-1.5,-3.));
#2112=CARTESIAN_POINT('',(5.1,-1.5,-3.4));
#2113=CARTESIAN_POINT('',(5.1,-1.5,-2.));
#2114=CARTESIAN_POINT('',(5.1,-5.1,-2.));
#2115=CARTESIAN_POINT('',(5.1,1.5,-2.));
#2116=CARTESIAN_POINT('',(5.1,1.5,-3.4));
#2117=CARTESIAN_POINT('',(5.1,1.5,-3.));
#2118=CARTESIAN_POINT('',(5.1,1.5,-3.));
#2119=CARTESIAN_POINT('',(-5.1,5.1,-3.4));
#2120=CARTESIAN_POINT('',(-5.1,4.8,-3.4));
#2121=CARTESIAN_POINT('',(-5.1,4.8,-0.1));
#2122=CARTESIAN_POINT('',(-5.1,4.8,-3.3));
#2123=CARTESIAN_POINT('',(-5.1,1.65,-3.3));
#2124=CARTESIAN_POINT('',(-5.1,1.65,-3.3));
#2125=CARTESIAN_POINT('',(-5.1,1.65,-3.8));
#2126=CARTESIAN_POINT('',(-5.1,1.65,-3.));
#2127=CARTESIAN_POINT('',(-5.1,1.65,-3.));
#2128=CARTESIAN_POINT('',(-5.1,1.5,-3.));
#2129=CARTESIAN_POINT('',(-5.1,1.5,-3.4));
#2130=CARTESIAN_POINT('',(-5.1,1.5,-2.));
#2131=CARTESIAN_POINT('',(-5.1,5.1,-2.));
#2132=CARTESIAN_POINT('',(-5.1,-1.5,-2.));
#2133=CARTESIAN_POINT('',(-5.1,-1.5,-3.4));
#2134=CARTESIAN_POINT('',(-5.1,-1.5,-3.));
#2135=CARTESIAN_POINT('',(-5.1,-1.5,-3.));
#2136=CARTESIAN_POINT('',(-5.1,-1.65,-3.));
#2137=CARTESIAN_POINT('',(-5.1,-1.65,-3.8));
#2138=CARTESIAN_POINT('',(-5.1,-1.65,-3.3));
#2139=CARTESIAN_POINT('',(-5.1,-4.8,-3.3));
#2140=CARTESIAN_POINT('',(-5.1,-4.8,-3.3));
#2141=CARTESIAN_POINT('',(-5.1,-4.8,-3.4));
#2142=CARTESIAN_POINT('',(-5.1,-4.8,-0.1));
#2143=CARTESIAN_POINT('',(-5.1,5.1,-0.1));
#2144=CARTESIAN_POINT('',(0.,0.,-3.4));
#2145=CARTESIAN_POINT('',(0.,1.65,-3.4));
#2146=CARTESIAN_POINT('',(-3.15,1.65,-3.4));
#2147=CARTESIAN_POINT('',(-5.,1.65,-3.4));
#2148=CARTESIAN_POINT('',(-5.,4.8,-3.4));
#2149=CARTESIAN_POINT('',(-5.,4.8,-3.4));
#2150=CARTESIAN_POINT('',(-4.8,4.8,-3.4));
#2151=CARTESIAN_POINT('',(-4.8,5.,-3.4));
#2152=CARTESIAN_POINT('',(4.8,5.,-3.4));
#2153=CARTESIAN_POINT('',(4.8,5.,-3.4));
#2154=CARTESIAN_POINT('',(4.8,4.8,-3.4));
#2155=CARTESIAN_POINT('',(5.,4.8,-3.4));
#2156=CARTESIAN_POINT('',(5.,1.65,-3.4));
#2157=CARTESIAN_POINT('',(5.,1.65,-3.4));
#2158=CARTESIAN_POINT('',(1.83480367651393E-16,1.65,-3.4));
#2159=CARTESIAN_POINT('',(3.15,1.65,-3.4));
#2160=CARTESIAN_POINT('',(3.15,0.,-3.4));
#2161=CARTESIAN_POINT('',(3.15,-1.65,-3.4));
#2162=CARTESIAN_POINT('',(0.,-1.65,-3.4));
#2163=CARTESIAN_POINT('',(5.,-1.65,-3.4));
#2164=CARTESIAN_POINT('',(5.,-4.8,-3.4));
#2165=CARTESIAN_POINT('',(5.,-4.8,-3.4));
#2166=CARTESIAN_POINT('',(4.8,-4.8,-3.4));
#2167=CARTESIAN_POINT('',(4.8,-5.,-3.4));
#2168=CARTESIAN_POINT('',(-4.8,-5.,-3.4));
#2169=CARTESIAN_POINT('',(-4.8,-5.,-3.4));
#2170=CARTESIAN_POINT('',(-4.8,-4.8,-3.4));
#2171=CARTESIAN_POINT('',(-5.,-4.8,-3.4));
#2172=CARTESIAN_POINT('',(-5.,-1.65,-3.4));
#2173=CARTESIAN_POINT('',(-5.,-1.65,-3.4));
#2174=CARTESIAN_POINT('',(-1.83480367651393E-16,-1.65,-3.4));
#2175=CARTESIAN_POINT('',(-3.15,-1.65,-3.4));
#2176=CARTESIAN_POINT('',(-3.15,0.,-3.4));
#2177=CARTESIAN_POINT('',(-5.1,-5.1,-3.4));
#2178=CARTESIAN_POINT('',(4.8,-5.1,-3.4));
#2179=CARTESIAN_POINT('',(4.8,-5.1,-3.3));
#2180=CARTESIAN_POINT('',(4.8,-5.1,-0.1));
#2181=CARTESIAN_POINT('',(-5.1,-5.1,-0.1));
#2182=CARTESIAN_POINT('',(-4.8,-5.1,-0.1));
#2183=CARTESIAN_POINT('',(-4.8,-5.1,-3.4));
#2184=CARTESIAN_POINT('',(-4.8,-5.1,-3.3));
#2185=CARTESIAN_POINT('',(4.8,-5.1,-3.3));
#2186=CARTESIAN_POINT('',(5.1,5.1,-3.4));
#2187=CARTESIAN_POINT('',(4.8,5.1,-3.4));
#2188=CARTESIAN_POINT('',(4.8,5.1,-0.1));
#2189=CARTESIAN_POINT('',(4.8,5.1,-3.3));
#2190=CARTESIAN_POINT('',(-4.8,5.1,-3.3));
#2191=CARTESIAN_POINT('',(-4.8,5.1,-3.3));
#2192=CARTESIAN_POINT('',(-4.8,5.1,-3.4));
#2193=CARTESIAN_POINT('',(-4.8,5.1,-0.1));
#2194=CARTESIAN_POINT('',(5.1,5.1,-0.1));
#2195=CARTESIAN_POINT('',(3.3,-1.5,-3.8));
#2196=CARTESIAN_POINT('',(3.3,-1.5,-3.8));
#2197=CARTESIAN_POINT('',(3.3,-1.5,-3.8));
#2198=CARTESIAN_POINT('',(3.3,-1.5,-3.));
#2199=CARTESIAN_POINT('',(3.3,-1.5,-3.));
#2200=CARTESIAN_POINT('',(3.3,1.5,-3.));
#2201=CARTESIAN_POINT('',(3.3,1.5,-3.8));
#2202=CARTESIAN_POINT('',(3.3,1.5,-3.8));
#2203=CARTESIAN_POINT('',(3.3,-1.5,-3.8));
#2204=CARTESIAN_POINT('',(0.,0.,-3.8));
#2205=CARTESIAN_POINT('',(3.3,1.5,-3.8));
#2206=CARTESIAN_POINT('',(5.5,1.5,-3.8));
#2207=CARTESIAN_POINT('',(5.5,-1.5,-3.8));
#2208=CARTESIAN_POINT('',(5.5,-1.5,-3.8));
#2209=CARTESIAN_POINT('',(5.1,-1.5,-3.8));
#2210=CARTESIAN_POINT('',(5.1,-1.5,-3.8));
#2211=CARTESIAN_POINT('',(5.5,-1.5,-3.5));
#2212=CARTESIAN_POINT('',(5.8,-1.5,-3.5));
#2213=CARTESIAN_POINT('',(5.8,-1.5,-3.8));
#2214=CARTESIAN_POINT('',(5.8,-1.5,-2.));
#2215=CARTESIAN_POINT('',(5.1,-1.5,-2.));
#2216=CARTESIAN_POINT('',(5.1,-1.5,-3.));
#2217=CARTESIAN_POINT('',(5.1,1.5,-3.8));
#2218=CARTESIAN_POINT('',(5.8,1.5,-3.8));
#2219=CARTESIAN_POINT('',(5.8,1.5,-3.5));
#2220=CARTESIAN_POINT('',(5.8,1.5,-2.));
#2221=CARTESIAN_POINT('',(5.5,1.5,-3.5));
#2222=CARTESIAN_POINT('',(3.3,1.5,-3.));
#2223=CARTESIAN_POINT('',(5.1,1.5,-2.));
#2224=CARTESIAN_POINT('',(5.8,1.5,-3.8));
#2225=CARTESIAN_POINT('',(5.8,1.5,-3.5));
#2226=CARTESIAN_POINT('',(5.8,1.5,-2.));
#2227=CARTESIAN_POINT('',(0.,0.,-2.));
#2228=CARTESIAN_POINT('',(-3.3,-1.5,-3.8));
#2229=CARTESIAN_POINT('',(-3.3,1.5,-3.8));
#2230=CARTESIAN_POINT('',(-3.3,1.5,-3.8));
#2231=CARTESIAN_POINT('',(-3.3,1.5,-3.));
#2232=CARTESIAN_POINT('',(-3.3,-1.5,-3.));
#2233=CARTESIAN_POINT('',(-3.3,-1.5,-3.));
#2234=CARTESIAN_POINT('',(-3.3,-1.5,-3.8));
#2235=CARTESIAN_POINT('',(-3.3,-1.5,-3.8));
#2236=CARTESIAN_POINT('',(-3.3,-1.5,-3.8));
#2237=CARTESIAN_POINT('',(0.,0.,-3.8));
#2238=CARTESIAN_POINT('',(-5.1,-1.5,-3.8));
#2239=CARTESIAN_POINT('',(-5.5,-1.5,-3.8));
#2240=CARTESIAN_POINT('',(-5.5,1.5,-3.8));
#2241=CARTESIAN_POINT('',(-5.5,1.5,-3.8));
#2242=CARTESIAN_POINT('',(-5.1,1.5,-3.8));
#2243=CARTESIAN_POINT('',(0.,0.,-2.));
#2244=CARTESIAN_POINT('',(-5.1,-1.5,-2.));
#2245=CARTESIAN_POINT('',(-5.8,-1.5,-2.));
#2246=CARTESIAN_POINT('',(-5.1,1.5,-2.));
#2247=CARTESIAN_POINT('',(-5.8,1.5,-2.));
#2248=CARTESIAN_POINT('',(-5.8,1.5,-2.));
#2249=CARTESIAN_POINT('',(-5.1,1.5,-3.8));
#2250=CARTESIAN_POINT('',(-5.5,1.5,-3.5));
#2251=CARTESIAN_POINT('',(-5.8,1.5,-3.5));
#2252=CARTESIAN_POINT('',(-5.8,1.5,-3.8));
#2253=CARTESIAN_POINT('',(-3.3,1.5,-3.));
#2254=CARTESIAN_POINT('',(-5.8,1.5,-3.8));
#2255=CARTESIAN_POINT('',(-5.8,-1.5,-3.5));
#2256=CARTESIAN_POINT('',(-5.8,-1.5,-3.5));
#2257=CARTESIAN_POINT('',(-5.8,-1.5,-3.8));
#2258=CARTESIAN_POINT('',(-5.1,-1.5,-3.8));
#2259=CARTESIAN_POINT('',(-5.5,-1.5,-3.5));
#2260=CARTESIAN_POINT('',(-5.1,-1.5,-3.));
#2261=CARTESIAN_POINT('',(-5.1,-1.65,-3.8));
#2262=CARTESIAN_POINT('',(-5.,-1.65,-3.3));
#2263=CARTESIAN_POINT('',(-5.1,-1.65,-3.));
#2264=CARTESIAN_POINT('',(-3.15,-1.65,-3.));
#2265=CARTESIAN_POINT('',(-3.15,-1.65,-3.8));
#2266=CARTESIAN_POINT('',(-3.15,-1.65,-3.8));
#2267=CARTESIAN_POINT('',(-3.15,-1.65,-3.));
#2268=CARTESIAN_POINT('',(-3.15,1.65,-3.));
#2269=CARTESIAN_POINT('',(-3.15,1.65,-3.8));
#2270=CARTESIAN_POINT('',(-3.15,1.65,-3.8));
#2271=CARTESIAN_POINT('',(-5.,1.65,-3.3));
#2272=CARTESIAN_POINT('',(-3.15,1.65,-3.));
#2273=CARTESIAN_POINT('',(0.,0.,-3.));
#2274=CARTESIAN_POINT('',(3.15,1.65,-3.8));
#2275=CARTESIAN_POINT('',(5.,1.65,-3.3));
#2276=CARTESIAN_POINT('',(3.15,1.65,-3.));
#2277=CARTESIAN_POINT('',(3.15,1.65,-3.));
#2278=CARTESIAN_POINT('',(3.15,1.65,-3.8));
#2279=CARTESIAN_POINT('',(3.15,-1.65,-3.8));
#2280=CARTESIAN_POINT('',(3.15,-1.65,-3.));
#2281=CARTESIAN_POINT('',(3.15,-1.65,-3.));
#2282=CARTESIAN_POINT('',(3.15,-1.65,-3.8));
#2283=CARTESIAN_POINT('',(5.1,-1.65,-3.8));
#2284=CARTESIAN_POINT('',(5.,-1.65,-3.3));
#2285=CARTESIAN_POINT('',(5.1,-1.65,-3.));
#2286=CARTESIAN_POINT('',(0.,0.,-3.));
#2287=CARTESIAN_POINT('',(4.8,4.8,-3.4));
#2288=CARTESIAN_POINT('',(4.8,4.8,-3.3));
#2289=CARTESIAN_POINT('',(4.8,4.8,-0.1));
#2290=CARTESIAN_POINT('',(4.8,-4.8,-3.4));
#2291=CARTESIAN_POINT('',(4.8,-4.8,-0.1));
#2292=CARTESIAN_POINT('',(4.8,-4.8,-3.3));
#2293=CARTESIAN_POINT('',(-4.8,4.8,-3.4));
#2294=CARTESIAN_POINT('',(-4.8,4.8,-3.3));
#2295=CARTESIAN_POINT('',(-4.8,4.8,-0.1));
#2296=CARTESIAN_POINT('',(-4.8,-4.8,-3.4));
#2297=CARTESIAN_POINT('',(-4.8,-4.8,-0.1));
#2298=CARTESIAN_POINT('',(-4.8,-4.8,-3.3));
#2299=CARTESIAN_POINT('',(-5.,5.1,-3.3));
#2300=CARTESIAN_POINT('',(-5.,-4.8,-3.3));
#2301=CARTESIAN_POINT('',(-4.8,-4.8,-3.3));
#2302=CARTESIAN_POINT('',(-4.8,-5.,-3.3));
#2303=CARTESIAN_POINT('',(-5.1,-5.,-3.3));
#2304=CARTESIAN_POINT('',(4.8,-5.,-3.3));
#2305=CARTESIAN_POINT('',(4.8,-4.8,-3.3));
#2306=CARTESIAN_POINT('',(5.,-4.8,-3.3));
#2307=CARTESIAN_POINT('',(5.,-5.1,-3.3));
#2308=CARTESIAN_POINT('',(-4.8,4.8,-0.1));
#2309=CARTESIAN_POINT('',(-4.8,5.,-0.1));
#2310=CARTESIAN_POINT('',(-5.,4.8,-0.1));
#2311=CARTESIAN_POINT('',(-5.,0.,-0.1));
#2312=CARTESIAN_POINT('',(-5.,-4.8,-0.1));
#2313=CARTESIAN_POINT('',(0.,5.,-0.1));
#2314=CARTESIAN_POINT('',(4.8,5.,-0.1));
#2315=CARTESIAN_POINT('',(-4.8,-4.8,-0.1));
#2316=CARTESIAN_POINT('',(-4.8,-5.,-0.1));
#2317=CARTESIAN_POINT('',(4.8,4.8,-0.1));
#2318=CARTESIAN_POINT('',(5.,4.8,-0.1));
#2319=CARTESIAN_POINT('',(0.,-5.,-0.1));
#2320=CARTESIAN_POINT('',(4.8,-5.,-0.1));
#2321=CARTESIAN_POINT('',(5.,0.,-0.1));
#2322=CARTESIAN_POINT('',(5.,-4.8,-0.1));
#2323=CARTESIAN_POINT('',(4.8,-4.8,-0.1));
#2324=CARTESIAN_POINT('',(5.,-5.1,-3.3));
#2325=CARTESIAN_POINT('',(5.,4.8,-3.3));
#2326=CARTESIAN_POINT('',(4.8,4.8,-3.3));
#2327=CARTESIAN_POINT('',(4.8,5.,-3.3));
#2328=CARTESIAN_POINT('',(5.1,5.,-3.3));
#2329=CARTESIAN_POINT('',(-4.8,5.,-3.3));
#2330=CARTESIAN_POINT('',(-4.8,4.8,-3.3));
#2331=CARTESIAN_POINT('',(-5.,4.8,-3.3));
#2332=CARTESIAN_POINT('',(-5.,5.1,-3.3));
#2333=CARTESIAN_POINT('',(5.5,0.,-3.5));
#2334=CARTESIAN_POINT('',(-5.5,1.5,-3.5));
#2335=CARTESIAN_POINT('',(0.,0.,-0.0273438885198258));
#2336=CARTESIAN_POINT('',(-1.45241304697185,-1.43667802317217,-0.0273438885198258));
#2337=CARTESIAN_POINT('',(-1.45241304697185,-1.43667802317217,-0.0273438885198258));
#2338=CARTESIAN_POINT('',(-1.45241304697185,1.15642542510369,-0.0273438885198258));
#2339=CARTESIAN_POINT('',(-1.23402224237415,-1.43897687374688,-0.0273438885198258));
#2340=CARTESIAN_POINT('',(-1.23402224237415,-1.43897687374688,-0.0273438885198258));
#2341=CARTESIAN_POINT('',(-1.23402224237415,1.53803462050599,-0.0273438885198258));
#2342=CARTESIAN_POINT('',(-1.23402224237415,1.53803462050599,-0.0273438885198258));
#2343=CARTESIAN_POINT('',(-1.42942454122473,1.53803462050599,-0.0273438885198258));
#2344=CARTESIAN_POINT('',(-1.42942454122473,1.53803462050599,-0.0273438885198258));
#2345=CARTESIAN_POINT('',(-2.08689580559254,0.67596565498875,-0.0273438885198258));
#2346=CARTESIAN_POINT('',(-2.08689580559254,0.67596565498875,-0.0273438885198258));
#2347=CARTESIAN_POINT('',(-1.82712569065001,0.67596565498875,-0.0273438885198258));
#2348=CARTESIAN_POINT('',(-1.82712569065001,0.67596565498875,-0.0273438885198258));
#2349=CARTESIAN_POINT('',(-1.45241304697185,1.15642542510369,-0.0273438885198258));
#2350=CARTESIAN_POINT('',(-1.45241304697185,1.15642542510369,-0.0273438885198258));
#2351=CARTESIAN_POINT('',(-1.45241304697185,1.15642542510369,-0.0273438885198258));
#2352=CARTESIAN_POINT('',(-1.82712569065001,0.67596565498875,-0.0273438885198258));
#2353=CARTESIAN_POINT('',(-1.82712569065001,0.67596565498875,-0.0273438885198258));
#2354=CARTESIAN_POINT('',(-2.08689580559254,0.67596565498875,-0.0273438885198258));
#2355=CARTESIAN_POINT('',(-2.08689580559254,0.67596565498875,-0.0273438885198258));
#2356=CARTESIAN_POINT('',(-1.42942454122473,1.53803462050599,-0.0273438885198258));
#2357=CARTESIAN_POINT('',(-1.42942454122473,1.53803462050599,-0.0273438885198258));
#2358=CARTESIAN_POINT('',(-1.23402224237415,1.53803462050599,-0.0273438885198258));
#2359=CARTESIAN_POINT('',(-1.23402224237415,1.53803462050599,-0.0273438885198258));
#2360=CARTESIAN_POINT('',(-1.23402224237415,-1.43897687374688,-0.0273438885198258));
#2361=CARTESIAN_POINT('',(-1.23402224237415,-1.43897687374688,-0.0273438885198258));
#2362=CARTESIAN_POINT('',(-1.45241304697185,-1.43667802317217,-0.0273438885198258));
#2363=CARTESIAN_POINT('',(-1.45241304697185,-1.43667802317217,-0.0273438885198258));
#2364=CARTESIAN_POINT('',(0.987604728103777,0.418040709569891,-0.0273438885198258));
#2365=CARTESIAN_POINT('',(2.17287430934999,0.0483794480921988,-0.0273438885198258));
#2366=CARTESIAN_POINT('',(2.17287430934999,0.328839218207141,-0.0273438885198258));
#2367=CARTESIAN_POINT('',(2.14758695302815,0.577115080276107,-0.0273438885198258));
#2368=CARTESIAN_POINT('',(2.09701224038447,0.793207034299095,-0.0273438885198258));
#2369=CARTESIAN_POINT('',(2.0147903470393,1.14451876041029,-0.0273438885198258));
#2370=CARTESIAN_POINT('',(1.87862143578677,1.31964381590829,-0.0273438885198258));
#2371=CARTESIAN_POINT('',(1.49011568866033,1.31964381590829,-0.0273438885198258));
#2372=CARTESIAN_POINT('',(1.34988580360286,1.14493117223013,-0.0273438885198258));
#2373=CARTESIAN_POINT('',(1.26252948176378,0.793207034299095,-0.0273438885198258));
#2374=CARTESIAN_POINT('',(1.20769672029878,0.57243302103212,-0.0273438885198258));
#2375=CARTESIAN_POINT('',(1.17977086107412,0.324241517057716,-0.0273438885198258));
#2376=CARTESIAN_POINT('',(1.17977086107412,-0.215988367999755,-0.0273438885198258));
#2377=CARTESIAN_POINT('',(1.20735706797068,-0.464264230068721,-0.0273438885198258));
#2378=CARTESIAN_POINT('',(1.26482833233849,-0.698746988689411,-0.0273438885198258));
#2379=CARTESIAN_POINT('',(1.35203312055097,-1.05454252459631,-0.0273438885198258));
#2380=CARTESIAN_POINT('',(1.48551798751091,-1.23208032202274,-0.0273438885198258));
#2381=CARTESIAN_POINT('',(1.86482833233849,-1.23208032202274,-0.0273438885198258));
#2382=CARTESIAN_POINT('',(2.00275936682125,-1.05506882776987,-0.0273438885198258));
#2383=CARTESIAN_POINT('',(2.09011568866033,-0.701045839264123,-0.0273438885198258));
#2384=CARTESIAN_POINT('',(2.14461270088554,-0.480189526561969,-0.0273438885198258));
#2385=CARTESIAN_POINT('',(2.17287430934999,-0.229781471448031,-0.0273438885198258));
#2386=CARTESIAN_POINT('',(2.17287430934999,0.0483794480921988,-0.0273438885198258));
#2387=CARTESIAN_POINT('',(2.17287430934999,0.0483794480921988,-0.0273438885198258));
#2388=CARTESIAN_POINT('',(2.38206971164884,0.0483794480921989,-0.0273438885198258));
#2389=CARTESIAN_POINT('',(2.38206971164884,-0.29874698868941,-0.0273438885198258));
#2390=CARTESIAN_POINT('',(2.34298925187872,-0.602195264551479,-0.0273438885198258));
#2391=CARTESIAN_POINT('',(2.26023063118907,-0.866563080643433,-0.0273438885198258));
#2392=CARTESIAN_POINT('',(2.13597016655877,-1.26350623154577,-0.0273438885198258));
#2393=CARTESIAN_POINT('',(1.94298925187872,-1.46196537949401,-0.0273438885198258));
#2394=CARTESIAN_POINT('',(1.41425361969481,-1.46196537949401,-0.0273438885198258));
#2395=CARTESIAN_POINT('',(1.22115017141895,-1.26196537949401,-0.0273438885198258));
#2396=CARTESIAN_POINT('',(1.09931109095918,-0.861965379494008,-0.0273438885198258));
#2397=CARTESIAN_POINT('',(1.01731414474436,-0.592767857958569,-0.0273438885198258));
#2398=CARTESIAN_POINT('',(0.975173159924698,-0.28955158639056,-0.0273438885198258));
#2399=CARTESIAN_POINT('',(0.975173159924698,1.04148289636806,-0.0273438885198258));
#2400=CARTESIAN_POINT('',(1.20965591854539,1.53803462050599,-0.0273438885198258));
#2401=CARTESIAN_POINT('',(2.14988580360286,1.53803462050599,-0.0273438885198258));
#2402=CARTESIAN_POINT('',(2.38206971164884,1.04148289636806,-0.0273438885198258));
#2403=CARTESIAN_POINT('',(2.38206971164884,0.0483794480921989,-0.0273438885198258));
#2404=CARTESIAN_POINT('',(2.38206971164884,0.0483794480921989,-0.0273438885198258));
#2405=CARTESIAN_POINT('',(2.37951662855942,0.26985595377864,-0.0273438885198258));
#2406=CARTESIAN_POINT('',(2.37951662855942,0.26985595377864,-6.7762635780344E-18));
#2407=CARTESIAN_POINT('',(2.383812291857,-0.00447143457932639,-0.0273438885198258));
#2408=CARTESIAN_POINT('',(2.383812291857,-0.00447143457932639,6.7762635780344E-18));
#2409=CARTESIAN_POINT('',(2.37744577056754,-0.187062219155241,-0.0273438885198258));
#2410=CARTESIAN_POINT('',(2.37744577056754,-0.187062219155241,0.));
#2411=CARTESIAN_POINT('',(2.35796773463885,-0.420127793998321,-0.0273438885198258));
#2412=CARTESIAN_POINT('',(2.35796773463885,-0.420127793998321,0.));
#2413=CARTESIAN_POINT('',(2.32142957801147,-0.6356494852638,-0.0273438885198258));
#2414=CARTESIAN_POINT('',(2.32142957801147,-0.6356494852638,0.));
#2415=CARTESIAN_POINT('',(2.28173634110368,-0.809346314317443,-0.0273438885198258));
#2416=CARTESIAN_POINT('',(2.28173634110368,-0.809346314317443,3.3881317890172E-18));
#2417=CARTESIAN_POINT('',(2.18662677668995,-1.08301110042184,-0.0273438885198258));
#2418=CARTESIAN_POINT('',(2.18662677668995,-1.08301110042184,3.3881317890172E-18));
#2419=CARTESIAN_POINT('',(2.02706493329187,-1.34353398901607,-0.0273438885198258));
#2420=CARTESIAN_POINT('',(2.02706493329187,-1.34353398901607,-6.7762635780344E-18));
#2421=CARTESIAN_POINT('',(1.75704504721012,-1.50232130012052,-0.0273438885198258));
#2422=CARTESIAN_POINT('',(1.75704504721012,-1.50232130012052,1.01643953670516E-17));
#2423=CARTESIAN_POINT('',(1.37285175938484,-1.41990561888509,-0.0273438885198258));
#2424=CARTESIAN_POINT('',(1.37285175938484,-1.41990561888509,0.));
#2425=CARTESIAN_POINT('',(1.14820751105204,-1.05962780089923,-0.0273438885198258));
#2426=CARTESIAN_POINT('',(1.14820751105204,-1.05962780089923,-3.3881317890172E-18));
#2427=CARTESIAN_POINT('',(1.02792792521961,-0.612051429033724,-0.0273438885198258));
#2428=CARTESIAN_POINT('',(1.02792792521961,-0.612051429033724,0.));
#2429=CARTESIAN_POINT('',(0.975748837649415,-0.2213859123865,-0.0273438885198258));
#2430=CARTESIAN_POINT('',(0.975748837649415,-0.2213859123865,3.3881317890172E-18));
#2431=CARTESIAN_POINT('',(0.972295321390396,0.231807412192978,-0.0273438885198258));
#2432=CARTESIAN_POINT('',(0.972295321390396,0.231807412192978,-3.3881317890172E-18));
#2433=CARTESIAN_POINT('',(1.02975102266757,0.998934145268398,-0.0273438885198258));
#2434=CARTESIAN_POINT('',(1.02975102266757,0.998934145268398,3.3881317890172E-18));
#2435=CARTESIAN_POINT('',(1.2614063936283,1.51074949360207,-0.0273438885198258));
#2436=CARTESIAN_POINT('',(1.2614063936283,1.51074949360207,-6.7762635780344E-18));
#2437=CARTESIAN_POINT('',(1.83640774190994,1.5670391770396,-0.0273438885198258));
#2438=CARTESIAN_POINT('',(1.83640774190994,1.5670391770396,-3.3881317890172E-18));
#2439=CARTESIAN_POINT('',(2.15316989734683,1.34182217183358,-0.0273438885198258));
#2440=CARTESIAN_POINT('',(2.15316989734683,1.34182217183358,0.));
#2441=CARTESIAN_POINT('',(2.30911636014625,0.934611359857504,-0.0273438885198258));
#2442=CARTESIAN_POINT('',(2.30911636014625,0.934611359857504,-6.7762635780344E-18));
#2443=CARTESIAN_POINT('',(2.36383959587162,0.527198180578624,-0.0273438885198258));
#2444=CARTESIAN_POINT('',(2.36383959587162,0.527198180578624,3.3881317890172E-18));
#2445=CARTESIAN_POINT('',(2.37951662855942,0.26985595377864,-0.0273438885198258));
#2446=CARTESIAN_POINT('',(2.37951662855942,0.26985595377864,-6.7762635780344E-18));
#2447=CARTESIAN_POINT('',(2.383812291857,-0.00447143457932639,-0.0273438885198258));
#2448=CARTESIAN_POINT('',(2.383812291857,-0.00447143457932639,6.7762635780344E-18));
#2449=CARTESIAN_POINT('',(2.37744577056754,-0.187062219155241,-0.0273438885198258));
#2450=CARTESIAN_POINT('',(2.37744577056754,-0.187062219155241,0.));
#2451=CARTESIAN_POINT('',(2.16128998184703,-0.318324895204433,-0.0273438885198258));
#2452=CARTESIAN_POINT('',(2.16128998184703,-0.318324895204433,0.));
#2453=CARTESIAN_POINT('',(2.17919513482712,0.0247996057354016,-0.0273438885198258));
#2454=CARTESIAN_POINT('',(2.17919513482712,0.0247996057354016,-3.3881317890172E-18));
#2455=CARTESIAN_POINT('',(2.16511958599007,0.368818635128783,-0.0273438885198258));
#2456=CARTESIAN_POINT('',(2.16511958599007,0.368818635128783,6.7762635780344E-18));
#2457=CARTESIAN_POINT('',(2.13439640494124,0.60559343814465,-0.0273438885198259));
#2458=CARTESIAN_POINT('',(2.13439640494124,0.60559343814465,-1.01643953670516E-17));
#2459=CARTESIAN_POINT('',(2.11121812495883,0.742296756299196,-0.0273438885198259));
#2460=CARTESIAN_POINT('',(2.11121812495883,0.742296756299196,-1.35525271560688E-17));
#2461=CARTESIAN_POINT('',(2.04807032853858,0.984640677907912,-0.0273438885198258));
#2462=CARTESIAN_POINT('',(2.04807032853858,0.984640677907912,1.01643953670516E-17));
#2463=CARTESIAN_POINT('',(1.93714585373894,1.21484390645739,-0.0273438885198259));
#2464=CARTESIAN_POINT('',(1.93714585373894,1.21484390645739,-1.35525271560688E-17));
#2465=CARTESIAN_POINT('',(1.74361625385601,1.35598148851259,-0.0273438885198258));
#2466=CARTESIAN_POINT('',(1.74361625385601,1.35598148851259,1.01643953670516E-17));
#2467=CARTESIAN_POINT('',(1.50518197274202,1.29257796487549,-0.0273438885198258));
#2468=CARTESIAN_POINT('',(1.50518197274202,1.29257796487549,1.35525271560688E-17));
#2469=CARTESIAN_POINT('',(1.37180815893628,1.10974472499765,-0.0273438885198258));
#2470=CARTESIAN_POINT('',(1.37180815893628,1.10974472499765,-6.7762635780344E-18));
#2471=CARTESIAN_POINT('',(1.3011145789484,0.941012717650861,-0.0273438885198258));
#2472=CARTESIAN_POINT('',(1.3011145789484,0.941012717650861,0.));
#2473=CARTESIAN_POINT('',(1.25493912842586,0.765308382926122,-0.0273438885198258));
#2474=CARTESIAN_POINT('',(1.25493912842586,0.765308382926122,-6.7762635780344E-18));
#2475=CARTESIAN_POINT('',(1.23529026823958,0.673337263176296,-0.0273438885198258));
#2476=CARTESIAN_POINT('',(1.23529026823958,0.673337263176296,2.03287907341032E-17));
#2477=CARTESIAN_POINT('',(1.19787006065647,0.461001354159246,-0.0273438885198259));
#2478=CARTESIAN_POINT('',(1.19787006065647,0.461001354159246,-1.01643953670516E-17));
#2479=CARTESIAN_POINT('',(1.17469940691943,0.153960014027596,-0.0273438885198258));
#2480=CARTESIAN_POINT('',(1.17469940691943,0.153960014027596,0.));
#2481=CARTESIAN_POINT('',(1.18296942564553,-0.18798894172448,-0.0273438885198258));
#2482=CARTESIAN_POINT('',(1.18296942564553,-0.18798894172448,-3.3881317890172E-18));
#2483=CARTESIAN_POINT('',(1.21192488679295,-0.438753753086355,-0.0273438885198258));
#2484=CARTESIAN_POINT('',(1.21192488679295,-0.438753753086355,1.01643953670516E-17));
#2485=CARTESIAN_POINT('',(1.24055293174303,-0.594009127814592,-0.0273438885198258));
#2486=CARTESIAN_POINT('',(1.24055293174303,-0.594009127814592,-3.3881317890172E-18));
#2487=CARTESIAN_POINT('',(1.26578526191496,-0.707085228626389,-0.0273438885198258));
#2488=CARTESIAN_POINT('',(1.26578526191496,-0.707085228626389,-3.3881317890172E-18));
#2489=CARTESIAN_POINT('',(1.31763839733096,-0.890761057043388,-0.0273438885198258));
#2490=CARTESIAN_POINT('',(1.31763839733096,-0.890761057043388,3.3881317890172E-18));
#2491=CARTESIAN_POINT('',(1.41362293599195,-1.1085489889547,-0.0273438885198258));
#2492=CARTESIAN_POINT('',(1.41362293599195,-1.1085489889547,-6.7762635780344E-18));
#2493=CARTESIAN_POINT('',(1.60968821954706,-1.273220092759,-0.0273438885198258));
#2494=CARTESIAN_POINT('',(1.60968821954706,-1.273220092759,0.));
#2495=CARTESIAN_POINT('',(1.84829809059507,-1.20463301469045,-0.0273438885198258));
#2496=CARTESIAN_POINT('',(1.84829809059507,-1.20463301469045,3.3881317890172E-18));
#2497=CARTESIAN_POINT('',(1.98083955916773,-1.02173048054889,-0.0273438885198258));
#2498=CARTESIAN_POINT('',(1.98083955916773,-1.02173048054889,0.));
#2499=CARTESIAN_POINT('',(2.05316422054175,-0.845200960828471,-0.0273438885198258));
#2500=CARTESIAN_POINT('',(2.05316422054175,-0.845200960828471,3.3881317890172E-18));
#2501=CARTESIAN_POINT('',(2.09932638840953,-0.666388207543477,-0.0273438885198259));
#2502=CARTESIAN_POINT('',(2.09932638840953,-0.666388207543477,-1.01643953670516E-17));
#2503=CARTESIAN_POINT('',(2.12179320545095,-0.558466405184949,-0.0273438885198258));
#2504=CARTESIAN_POINT('',(2.12179320545095,-0.558466405184949,6.7762635780344E-18));
#2505=CARTESIAN_POINT('',(2.16128998184703,-0.318324895204433,-0.0273438885198258));
#2506=CARTESIAN_POINT('',(2.16128998184703,-0.318324895204433,0.));
#2507=CARTESIAN_POINT('',(2.17919513482712,0.0247996057354016,-0.0273438885198258));
#2508=CARTESIAN_POINT('',(2.17919513482712,0.0247996057354016,-3.3881317890172E-18));
#2509=CARTESIAN_POINT('',(2.16511958599007,0.368818635128783,-0.0273438885198258));
#2510=CARTESIAN_POINT('',(2.16511958599007,0.368818635128783,6.7762635780344E-18));
#2511=CARTESIAN_POINT('',(2.17287430934999,0.0483794480921988,0.));
#2512=CARTESIAN_POINT('',(2.17287430934999,0.328839218207141,0.));
#2513=CARTESIAN_POINT('',(2.14758695302815,0.577115080276107,0.));
#2514=CARTESIAN_POINT('',(2.09701224038447,0.793207034299095,0.));
#2515=CARTESIAN_POINT('',(2.0147903470393,1.14451876041029,0.));
#2516=CARTESIAN_POINT('',(1.87862143578677,1.31964381590829,0.));
#2517=CARTESIAN_POINT('',(1.49011568866033,1.31964381590829,0.));
#2518=CARTESIAN_POINT('',(1.34988580360286,1.14493117223013,0.));
#2519=CARTESIAN_POINT('',(1.26252948176378,0.793207034299095,0.));
#2520=CARTESIAN_POINT('',(1.20769672029878,0.57243302103212,0.));
#2521=CARTESIAN_POINT('',(1.17977086107412,0.324241517057716,0.));
#2522=CARTESIAN_POINT('',(1.17977086107412,-0.215988367999755,0.));
#2523=CARTESIAN_POINT('',(1.20735706797068,-0.464264230068721,0.));
#2524=CARTESIAN_POINT('',(1.26482833233849,-0.698746988689411,0.));
#2525=CARTESIAN_POINT('',(1.35203312055097,-1.05454252459631,0.));
#2526=CARTESIAN_POINT('',(1.48551798751091,-1.23208032202274,0.));
#2527=CARTESIAN_POINT('',(1.86482833233849,-1.23208032202274,0.));
#2528=CARTESIAN_POINT('',(2.00275936682125,-1.05506882776987,0.));
#2529=CARTESIAN_POINT('',(2.09011568866033,-0.701045839264123,0.));
#2530=CARTESIAN_POINT('',(2.14461270088554,-0.480189526561969,0.));
#2531=CARTESIAN_POINT('',(2.17287430934999,-0.229781471448031,0.));
#2532=CARTESIAN_POINT('',(2.17287430934999,0.0483794480921988,0.));
#2533=CARTESIAN_POINT('',(2.17287430934999,0.0483794480921988,0.));
#2534=CARTESIAN_POINT('',(0.,0.,0.));
#2535=CARTESIAN_POINT('',(-0.791705616723809,0.418040709569892,-0.0273438885198258));
#2536=CARTESIAN_POINT('',(0.393563964522399,0.0483794480921987,-0.0273438885198258));
#2537=CARTESIAN_POINT('',(0.393563964522399,0.328839218207141,-0.0273438885198258));
#2538=CARTESIAN_POINT('',(0.36827660820056,0.577115080276107,-0.0273438885198258));
#2539=CARTESIAN_POINT('',(0.317701895556883,0.793207034299095,-0.0273438885198258));
#2540=CARTESIAN_POINT('',(0.23548000221171,1.14451876041029,-0.0273438885198258));
#2541=CARTESIAN_POINT('',(0.099311090959181,1.31964381590829,-0.0273438885198258));
#2542=CARTESIAN_POINT('',(-0.289194656167256,1.31964381590829,-0.0273438885198258));
#2543=CARTESIAN_POINT('',(-0.429424541224727,1.14493117223013,-0.0273438885198258));
#2544=CARTESIAN_POINT('',(-0.516780863063807,0.793207034299095,-0.0273438885198258));
#2545=CARTESIAN_POINT('',(-0.571613624528807,0.57243302103212,-0.0273438885198258));
#2546=CARTESIAN_POINT('',(-0.599539483753463,0.324241517057716,-0.0273438885198258));
#2547=CARTESIAN_POINT('',(-0.599539483753463,-0.215988367999756,-0.0273438885198258));
#2548=CARTESIAN_POINT('',(-0.571953276856911,-0.464264230068721,-0.0273438885198258));
#2549=CARTESIAN_POINT('',(-0.514482012489094,-0.698746988689411,-0.0273438885198258));
#2550=CARTESIAN_POINT('',(-0.427277224276617,-1.05454252459631,-0.0273438885198258));
#2551=CARTESIAN_POINT('',(-0.293792357316681,-1.23208032202274,-0.0273438885198258));
#2552=CARTESIAN_POINT('',(0.0855179875109054,-1.23208032202274,-0.0273438885198258));
#2553=CARTESIAN_POINT('',(0.223449021993663,-1.05506882776987,-0.0273438885198258));
#2554=CARTESIAN_POINT('',(0.310805343832744,-0.701045839264123,-0.0273438885198258));
#2555=CARTESIAN_POINT('',(0.365302356057951,-0.480189526561969,-0.0273438885198258));
#2556=CARTESIAN_POINT('',(0.393563964522399,-0.229781471448031,-0.0273438885198258));
#2557=CARTESIAN_POINT('',(0.393563964522399,0.0483794480921987,-0.0273438885198258));
#2558=CARTESIAN_POINT('',(0.393563964522399,0.0483794480921987,-0.0273438885198258));
#2559=CARTESIAN_POINT('',(0.602759366821251,0.0483794480921987,-0.0273438885198258));
#2560=CARTESIAN_POINT('',(0.602759366821251,-0.298746988689411,-0.0273438885198258));
#2561=CARTESIAN_POINT('',(0.563678907051135,-0.60219526455148,-0.0273438885198258));
#2562=CARTESIAN_POINT('',(0.480920286361479,-0.866563080643434,-0.0273438885198258));
#2563=CARTESIAN_POINT('',(0.356659821731182,-1.26350623154577,-0.0273438885198258));
#2564=CARTESIAN_POINT('',(0.163678907051135,-1.46196537949401,-0.0273438885198258));
#2565=CARTESIAN_POINT('',(-0.365056725132773,-1.46196537949401,-0.0273438885198258));
#2566=CARTESIAN_POINT('',(-0.558160173408635,-1.26196537949401,-0.0273438885198258));
#2567=CARTESIAN_POINT('',(-0.679999253868406,-0.861965379494009,-0.0273438885198258));
#2568=CARTESIAN_POINT('',(-0.761996200083223,-0.59276785795857,-0.0273438885198258));
#2569=CARTESIAN_POINT('',(-0.804137184902888,-0.28955158639056,-0.0273438885198258));
#2570=CARTESIAN_POINT('',(-0.804137184902888,1.04148289636806,-0.0273438885198258));
#2571=CARTESIAN_POINT('',(-0.569654426282199,1.53803462050599,-0.0273438885198258));
#2572=CARTESIAN_POINT('',(0.370575458775273,1.53803462050599,-0.0273438885198258));
#2573=CARTESIAN_POINT('',(0.60275936682125,1.04148289636806,-0.0273438885198258));
#2574=CARTESIAN_POINT('',(0.602759366821251,0.0483794480921987,-0.0273438885198258));
#2575=CARTESIAN_POINT('',(0.602759366821251,0.0483794480921987,-0.0273438885198258));
#2576=CARTESIAN_POINT('',(0.600206283731833,0.26985595377864,-0.0273438885198258));
#2577=CARTESIAN_POINT('',(0.600206283731833,0.26985595377864,0.));
#2578=CARTESIAN_POINT('',(0.60450194702941,-0.00447143457932646,-0.0273438885198258));
#2579=CARTESIAN_POINT('',(0.60450194702941,-0.00447143457932646,-6.7762635780344E-18));
#2580=CARTESIAN_POINT('',(0.598135425739958,-0.187062219155241,-0.0273438885198258));
#2581=CARTESIAN_POINT('',(0.598135425739958,-0.187062219155241,0.));
#2582=CARTESIAN_POINT('',(0.578657389811261,-0.420127793998321,-0.0273438885198258));
#2583=CARTESIAN_POINT('',(0.578657389811261,-0.420127793998321,0.));
#2584=CARTESIAN_POINT('',(0.542119233183879,-0.635649485263801,-0.0273438885198258));
#2585=CARTESIAN_POINT('',(0.542119233183879,-0.635649485263801,0.));
#2586=CARTESIAN_POINT('',(0.50242599627609,-0.809346314317443,-0.0273438885198258));
#2587=CARTESIAN_POINT('',(0.50242599627609,-0.809346314317443,3.3881317890172E-18));
#2588=CARTESIAN_POINT('',(0.40731643186236,-1.08301110042184,-0.0273438885198258));
#2589=CARTESIAN_POINT('',(0.40731643186236,-1.08301110042184,0.));
#2590=CARTESIAN_POINT('',(0.247754588464282,-1.34353398901607,-0.0273438885198258));
#2591=CARTESIAN_POINT('',(0.247754588464282,-1.34353398901607,3.3881317890172E-18));
#2592=CARTESIAN_POINT('',(-0.0222652976174692,-1.50232130012052,-0.0273438885198258));
#2593=CARTESIAN_POINT('',(-0.0222652976174692,-1.50232130012052,6.7762635780344E-18));
#2594=CARTESIAN_POINT('',(-0.40645858544275,-1.41990561888509,-0.0273438885198259));
#2595=CARTESIAN_POINT('',(-0.40645858544275,-1.41990561888509,-1.01643953670516E-17));
#2596=CARTESIAN_POINT('',(-0.631102833775548,-1.05962780089923,-0.0273438885198258));
#2597=CARTESIAN_POINT('',(-0.631102833775548,-1.05962780089923,0.));
#2598=CARTESIAN_POINT('',(-0.751382419607978,-0.612051429033724,-0.0273438885198258));
#2599=CARTESIAN_POINT('',(-0.751382419607978,-0.612051429033724,0.));
#2600=CARTESIAN_POINT('',(-0.803561507178171,-0.221385912386499,-0.0273438885198258));
#2601=CARTESIAN_POINT('',(-0.803561507178171,-0.221385912386499,0.));
#2602=CARTESIAN_POINT('',(-0.80701502343719,0.23180741219298,-0.0273438885198258));
#2603=CARTESIAN_POINT('',(-0.80701502343719,0.23180741219298,3.3881317890172E-18));
#2604=CARTESIAN_POINT('',(-0.749559322160016,0.998934145268399,-0.0273438885198258));
#2605=CARTESIAN_POINT('',(-0.749559322160016,0.998934145268399,0.));
#2606=CARTESIAN_POINT('',(-0.517903951199285,1.51074949360207,-0.0273438885198258));
#2607=CARTESIAN_POINT('',(-0.517903951199285,1.51074949360207,6.7762635780344E-18));
#2608=CARTESIAN_POINT('',(0.0570973970823597,1.5670391770396,-0.0273438885198258));
#2609=CARTESIAN_POINT('',(0.0570973970823597,1.5670391770396,3.3881317890172E-18));
#2610=CARTESIAN_POINT('',(0.373859552519242,1.34182217183358,-0.0273438885198258));
#2611=CARTESIAN_POINT('',(0.373859552519242,1.34182217183358,0.));
#2612=CARTESIAN_POINT('',(0.529806015318664,0.934611359857502,-0.0273438885198258));
#2613=CARTESIAN_POINT('',(0.529806015318664,0.934611359857502,-6.7762635780344E-18));
#2614=CARTESIAN_POINT('',(0.584529251044038,0.527198180578623,-0.0273438885198258));
#2615=CARTESIAN_POINT('',(0.584529251044038,0.527198180578623,-3.3881317890172E-18));
#2616=CARTESIAN_POINT('',(0.600206283731833,0.26985595377864,-0.0273438885198258));
#2617=CARTESIAN_POINT('',(0.600206283731833,0.26985595377864,0.));
#2618=CARTESIAN_POINT('',(0.60450194702941,-0.00447143457932646,-0.0273438885198258));
#2619=CARTESIAN_POINT('',(0.60450194702941,-0.00447143457932646,-6.7762635780344E-18));
#2620=CARTESIAN_POINT('',(0.598135425739958,-0.187062219155241,-0.0273438885198258));
#2621=CARTESIAN_POINT('',(0.598135425739958,-0.187062219155241,0.));
#2622=CARTESIAN_POINT('',(0.381979637019441,-0.318324895204434,-0.0273438885198259));
#2623=CARTESIAN_POINT('',(0.381979637019441,-0.318324895204434,-1.35525271560688E-17));
#2624=CARTESIAN_POINT('',(0.399884789999531,0.0247996057354012,-0.0273438885198258));
#2625=CARTESIAN_POINT('',(0.399884789999531,0.0247996057354012,6.7762635780344E-18));
#2626=CARTESIAN_POINT('',(0.385809241162484,0.368818635128784,-0.0273438885198258));
#2627=CARTESIAN_POINT('',(0.385809241162484,0.368818635128784,-6.7762635780344E-18));
#2628=CARTESIAN_POINT('',(0.355086060113648,0.605593438144649,-0.0273438885198258));
#2629=CARTESIAN_POINT('',(0.355086060113648,0.605593438144649,6.7762635780344E-18));
#2630=CARTESIAN_POINT('',(0.331907780131246,0.742296756299196,-0.0273438885198258));
#2631=CARTESIAN_POINT('',(0.331907780131246,0.742296756299196,3.3881317890172E-18));
#2632=CARTESIAN_POINT('',(0.268759983710997,0.984640677907912,-0.0273438885198259));
#2633=CARTESIAN_POINT('',(0.268759983710997,0.984640677907912,-1.01643953670516E-17));
#2634=CARTESIAN_POINT('',(0.157835508911357,1.21484390645739,-0.0273438885198258));
#2635=CARTESIAN_POINT('',(0.157835508911357,1.21484390645739,2.03287907341032E-17));
#2636=CARTESIAN_POINT('',(-0.0356940909715775,1.35598148851259,-0.0273438885198258));
#2637=CARTESIAN_POINT('',(-0.0356940909715775,1.35598148851259,-6.7762635780344E-18));
#2638=CARTESIAN_POINT('',(-0.274128372085565,1.29257796487549,-0.0273438885198258));
#2639=CARTESIAN_POINT('',(-0.274128372085565,1.29257796487549,6.7762635780344E-18));
#2640=CARTESIAN_POINT('',(-0.40750218589131,1.10974472499765,-0.0273438885198258));
#2641=CARTESIAN_POINT('',(-0.40750218589131,1.10974472499765,-3.3881317890172E-18));
#2642=CARTESIAN_POINT('',(-0.478195765879187,0.941012717650861,-0.0273438885198258));
#2643=CARTESIAN_POINT('',(-0.478195765879187,0.941012717650861,0.));
#2644=CARTESIAN_POINT('',(-0.52437121640173,0.765308382926121,-0.0273438885198258));
#2645=CARTESIAN_POINT('',(-0.52437121640173,0.765308382926121,3.3881317890172E-18));
#2646=CARTESIAN_POINT('',(-0.544020076588001,0.673337263176296,-0.0273438885198258));
#2647=CARTESIAN_POINT('',(-0.544020076588001,0.673337263176296,3.3881317890172E-18));
#2648=CARTESIAN_POINT('',(-0.581440284171119,0.461001354159246,-0.0273438885198259));
#2649=CARTESIAN_POINT('',(-0.581440284171119,0.461001354159246,-1.01643953670516E-17));
#2650=CARTESIAN_POINT('',(-0.604610937908161,0.153960014027596,-0.0273438885198258));
#2651=CARTESIAN_POINT('',(-0.604610937908161,0.153960014027596,6.7762635780344E-18));
#2652=CARTESIAN_POINT('',(-0.596340919182058,-0.187988941724479,-0.0273438885198258));
#2653=CARTESIAN_POINT('',(-0.596340919182058,-0.187988941724479,0.));
#2654=CARTESIAN_POINT('',(-0.567385458034632,-0.438753753086357,-0.0273438885198258));
#2655=CARTESIAN_POINT('',(-0.567385458034632,-0.438753753086357,0.));
#2656=CARTESIAN_POINT('',(-0.538757413084556,-0.594009127814592,-0.0273438885198258));
#2657=CARTESIAN_POINT('',(-0.538757413084556,-0.594009127814592,0.));
#2658=CARTESIAN_POINT('',(-0.513525082912624,-0.70708522862639,-0.0273438885198258));
#2659=CARTESIAN_POINT('',(-0.513525082912624,-0.70708522862639,-3.3881317890172E-18));
#2660=CARTESIAN_POINT('',(-0.461671947496628,-0.890761057043387,-0.0273438885198258));
#2661=CARTESIAN_POINT('',(-0.461671947496628,-0.890761057043387,3.3881317890172E-18));
#2662=CARTESIAN_POINT('',(-0.365687408835638,-1.1085489889547,-0.0273438885198258));
#2663=CARTESIAN_POINT('',(-0.365687408835638,-1.1085489889547,-3.3881317890172E-18));
#2664=CARTESIAN_POINT('',(-0.169622125280525,-1.273220092759,-0.0273438885198258));
#2665=CARTESIAN_POINT('',(-0.169622125280525,-1.273220092759,3.3881317890172E-18));
#2666=CARTESIAN_POINT('',(0.0689877457674856,-1.20463301469045,-0.0273438885198258));
#2667=CARTESIAN_POINT('',(0.0689877457674856,-1.20463301469045,3.3881317890172E-18));
#2668=CARTESIAN_POINT('',(0.201529214340144,-1.0217304805489,-0.0273438885198259));
#2669=CARTESIAN_POINT('',(0.201529214340144,-1.0217304805489,-1.01643953670516E-17));
#2670=CARTESIAN_POINT('',(0.273853875714161,-0.845200960828469,-0.0273438885198258));
#2671=CARTESIAN_POINT('',(0.273853875714161,-0.845200960828469,1.01643953670516E-17));
#2672=CARTESIAN_POINT('',(0.320016043581939,-0.666388207543477,-0.0273438885198258));
#2673=CARTESIAN_POINT('',(0.320016043581939,-0.666388207543477,-6.7762635780344E-18));
#2674=CARTESIAN_POINT('',(0.34248286062336,-0.558466405184949,-0.0273438885198258));
#2675=CARTESIAN_POINT('',(0.34248286062336,-0.558466405184949,1.6940658945086E-17));
#2676=CARTESIAN_POINT('',(0.381979637019441,-0.318324895204434,-0.0273438885198259));
#2677=CARTESIAN_POINT('',(0.381979637019441,-0.318324895204434,-1.35525271560688E-17));
#2678=CARTESIAN_POINT('',(0.399884789999531,0.0247996057354012,-0.0273438885198258));
#2679=CARTESIAN_POINT('',(0.399884789999531,0.0247996057354012,6.7762635780344E-18));
#2680=CARTESIAN_POINT('',(0.385809241162484,0.368818635128784,-0.0273438885198258));
#2681=CARTESIAN_POINT('',(0.385809241162484,0.368818635128784,-6.7762635780344E-18));
#2682=CARTESIAN_POINT('',(0.393563964522399,0.0483794480921987,0.));
#2683=CARTESIAN_POINT('',(0.393563964522399,0.328839218207141,0.));
#2684=CARTESIAN_POINT('',(0.36827660820056,0.577115080276107,0.));
#2685=CARTESIAN_POINT('',(0.317701895556883,0.793207034299095,0.));
#2686=CARTESIAN_POINT('',(0.23548000221171,1.14451876041029,0.));
#2687=CARTESIAN_POINT('',(0.099311090959181,1.31964381590829,0.));
#2688=CARTESIAN_POINT('',(-0.289194656167256,1.31964381590829,0.));
#2689=CARTESIAN_POINT('',(-0.429424541224727,1.14493117223013,0.));
#2690=CARTESIAN_POINT('',(-0.516780863063807,0.793207034299095,0.));
#2691=CARTESIAN_POINT('',(-0.571613624528807,0.57243302103212,0.));
#2692=CARTESIAN_POINT('',(-0.599539483753463,0.324241517057716,0.));
#2693=CARTESIAN_POINT('',(-0.599539483753463,-0.215988367999756,0.));
#2694=CARTESIAN_POINT('',(-0.571953276856911,-0.464264230068721,0.));
#2695=CARTESIAN_POINT('',(-0.514482012489094,-0.698746988689411,0.));
#2696=CARTESIAN_POINT('',(-0.427277224276617,-1.05454252459631,0.));
#2697=CARTESIAN_POINT('',(-0.293792357316681,-1.23208032202274,0.));
#2698=CARTESIAN_POINT('',(0.0855179875109054,-1.23208032202274,0.));
#2699=CARTESIAN_POINT('',(0.223449021993663,-1.05506882776987,0.));
#2700=CARTESIAN_POINT('',(0.310805343832744,-0.701045839264123,0.));
#2701=CARTESIAN_POINT('',(0.365302356057951,-0.480189526561969,0.));
#2702=CARTESIAN_POINT('',(0.393563964522399,-0.229781471448031,0.));
#2703=CARTESIAN_POINT('',(0.393563964522399,0.0483794480921987,0.));
#2704=CARTESIAN_POINT('',(0.393563964522399,0.0483794480921987,0.));
#2705=CARTESIAN_POINT('',(0.,0.,0.));
#2706=MECHANICAL_DESIGN_GEOMETRIC_PRESENTATION_REPRESENTATION('',(#1076,
#1077,#1078,#1079,#1080,#1081,#1082,#1083,#1084,#1085,#1086,#1087,#1088,
#1089,#1090,#1091,#1092,#1093,#1094,#1095,#1096,#1097,#1098,#1099,#1100,
#1101,#1102,#1103,#1104,#1105,#1106,#1107,#1108,#1109,#1110,#1111,#1112,
#1113,#1114,#1115,#1116,#1117,#1118,#1119,#1120,#1121,#1122,#1123,#1124,
#1125,#1126,#1127,#1128,#1129,#1130,#1131,#1132,#1133,#1134,#1135,#1136,
#1137,#1138,#1139,#1140,#1141),#2707);
#2707=(
GEOMETRIC_REPRESENTATION_CONTEXT(3)
GLOBAL_UNCERTAINTY_ASSIGNED_CONTEXT((#2708))
GLOBAL_UNIT_ASSIGNED_CONTEXT((#2711,#2710,#2709))
REPRESENTATION_CONTEXT('AMRM00101040100MA1','TOP_LEVEL_ASSEMBLY_PART')
);
#2708=UNCERTAINTY_MEASURE_WITH_UNIT(LENGTH_MEASURE(0.005),#2711,
'DISTANCE_ACCURACY_VALUE','Maximum Tolerance applied to model');
#2709=(
NAMED_UNIT(*)
SI_UNIT($,.STERADIAN.)
SOLID_ANGLE_UNIT()
);
#2710=(
NAMED_UNIT(*)
PLANE_ANGLE_UNIT()
SI_UNIT($,.RADIAN.)
);
#2711=(
LENGTH_UNIT()
NAMED_UNIT(*)
SI_UNIT(.MILLI.,.METRE.)
);
#2712=PRODUCT_DEFINITION_SHAPE('','',#2713);
#2713=PRODUCT_DEFINITION('','',#2715,#2714);
#2714=PRODUCT_DEFINITION_CONTEXT('',#2721,'design');
#2715=PRODUCT_DEFINITION_FORMATION_WITH_SPECIFIED_SOURCE('','',#2717,
 .NOT_KNOWN.);
#2716=PRODUCT_RELATED_PRODUCT_CATEGORY('','',(#2717));
#2717=PRODUCT('AMRM00101040100MA1','AMRM00101040100MA1',
'AMRM00101040100MA1',(#2719));
#2718=PRODUCT_CATEGORY('','');
#2719=PRODUCT_CONTEXT('',#2721,'mechanical');
#2720=APPLICATION_PROTOCOL_DEFINITION('international standard',
'automotive_design',2010,#2721);
#2721=APPLICATION_CONTEXT(
'core data for automotive mechanical design processes');
ENDSEC;
END-ISO-10303-21;
